REPLACE INTO map_ws_dev.adm_area (
  id,
  acreage,
  description,
  status,
  createdAt,
  updatedAt
)
VALUES (
    1,
    142248.0,
    'Khu vuc 1',
    'on',
    '2022-12-17 14:32:11',
    '2022-12-17 14:32:11'
  ),
  (
    2,
    122865.0,
    'Khu vuc 2',
    'on',
    '2022-12-17 14:35:27',
    '2022-12-17 14:35:27'
  ),
  (
    3,
    675461.0,
    'Khu vuc 3',
    'on',
    '2022-12-17 14:36:12',
    '2022-12-17 14:36:12'
  ),
  (
    4,
    507331.0,
    'Khu vuc 4',
    'on',
    '2022-12-17 14:36:15',
    '2022-12-17 14:36:15'
  ),
  (
    5,
    108806.0,
    'Khu vuc 5',
    'on',
    '2022-12-17 14:36:18',
    '2022-12-17 14:36:18'
  );
REPLACE INTO map_ws_dev.adm_bin (
  id,
  latitude,
  longitude,
  address,
  height,
  `length`,
  width,
  maxWeight,
  color,
  material,
  brand,
  code,
  image,
  description,
  status,
  weight,
  camera1,
  camera2,
  camera3,
  areaId,
  createdAt,
  updatedAt
)
VALUES (
    1,
    21.023301,
    105.842583,
    '2 Ng. Tức Mặc, Cửa Nam, Hoàn Kiếm, Hà Nội, Vietnam',
    122.0,
    135.0,
    78.0,
    100.0,
    'blue',
    'HDPE, Composite',
    'Paloca',
    '1',
    'bin_1671295449239.jpg',
    '',
    'empty',
    33,
    'https://devstreaming-cdn.apple.com/videos/streaming/examples/img_bipbop_adv_example_fmp4/master.m3u8',
    'https://devstreaming-cdn.apple.com/videos/streaming/examples/img_bipbop_adv_example_fmp4/master.m3u8',
    'https://devstreaming-cdn.apple.com/videos/streaming/examples/img_bipbop_adv_example_fmp4/master.m3u8',
    1,
    '2022-12-17 16:44:09',
    '2022-12-17 16:44:09'
  ),
  (
    2,
    21.024804,
    105.842959,
    '45-27 Phan Bội Châu, Cửa Nam, Hoàn Kiếm, Hà Nội, Vietnam',
    122.0,
    135.0,
    78.0,
    100.0,
    'blue',
    'HDPE, Composite',
    'Paloca',
    '2',
    'bin_1671295449271.jpg',
    '',
    'empty',
    15,
    'https://devstreaming-cdn.apple.com/videos/streaming/examples/img_bipbop_adv_example_fmp4/master.m3u8',
    'https://devstreaming-cdn.apple.com/videos/streaming/examples/img_bipbop_adv_example_fmp4/master.m3u8',
    'https://devstreaming-cdn.apple.com/videos/streaming/examples/img_bipbop_adv_example_fmp4/master.m3u8',
    1,
    '2022-12-17 16:44:09',
    '2022-12-17 16:44:09'
  ),
  (
    3,
    21.026677,
    105.84357,
    '14-16 Phan Bội Châu, Cửa Nam, Hoàn Kiếm, Hà Nội, Vietnam',
    122.0,
    135.0,
    78.0,
    100.0,
    'blue',
    'HDPE, Composite',
    'Paloca',
    '3',
    'bin_1671295449293.jpg',
    '',
    'empty',
    32,
    'https://devstreaming-cdn.apple.com/videos/streaming/examples/img_bipbop_adv_example_fmp4/master.m3u8',
    'https://devstreaming-cdn.apple.com/videos/streaming/examples/img_bipbop_adv_example_fmp4/master.m3u8',
    'https://devstreaming-cdn.apple.com/videos/streaming/examples/img_bipbop_adv_example_fmp4/master.m3u8',
    1,
    '2022-12-17 16:44:09',
    '2022-12-17 16:44:09'
  ),
  (
    4,
    21.025756,
    105.842122,
    '91-89 P. Lý Thường Kiệt, Cửa Nam, Hoàn Kiếm, Hà Nội, Vietnam',
    122.0,
    135.0,
    78.0,
    100.0,
    'blue',
    'HDPE, Composite',
    'Paloca',
    '4',
    'bin_1671295449314.jpg',
    '',
    'empty',
    43,
    'https://devstreaming-cdn.apple.com/videos/streaming/examples/img_bipbop_adv_example_fmp4/master.m3u8',
    'https://devstreaming-cdn.apple.com/videos/streaming/examples/img_bipbop_adv_example_fmp4/master.m3u8',
    'https://devstreaming-cdn.apple.com/videos/streaming/examples/img_bipbop_adv_example_fmp4/master.m3u8',
    1,
    '2022-12-17 16:44:09',
    '2022-12-17 16:44:09'
  ),
  (
    5,
    21.025075,
    105.844525,
    '60-62 P. Lý Thường Kiệt, Cửa Nam, Hoàn Kiếm, Hà Nội, Vietnam',
    122.0,
    135.0,
    78.0,
    100.0,
    'blue',
    'HDPE, Composite',
    'Paloca',
    '5',
    'bin_1671295449331.jpg',
    '',
    'empty',
    12,
    'https://devstreaming-cdn.apple.com/videos/streaming/examples/img_bipbop_adv_example_fmp4/master.m3u8',
    'https://devstreaming-cdn.apple.com/videos/streaming/examples/img_bipbop_adv_example_fmp4/master.m3u8',
    'https://devstreaming-cdn.apple.com/videos/streaming/examples/img_bipbop_adv_example_fmp4/master.m3u8',
    1,
    '2022-12-17 16:44:09',
    '2022-12-17 16:44:09'
  ),
  (
    6,
    21.024093,
    105.844858,
    '65-63 P. Quán Sứ, Cửa Nam, Hoàn Kiếm, Hà Nội, Vietnam',
    122.0,
    135.0,
    78.0,
    100.0,
    'blue',
    'HDPE, Composite',
    'Paloca',
    '6',
    'bin_1671295449357.jpg',
    '',
    'empty',
    45,
    'https://devstreaming-cdn.apple.com/videos/streaming/examples/img_bipbop_adv_example_fmp4/master.m3u8',
    'https://devstreaming-cdn.apple.com/videos/streaming/examples/img_bipbop_adv_example_fmp4/master.m3u8',
    'https://devstreaming-cdn.apple.com/videos/streaming/examples/img_bipbop_adv_example_fmp4/master.m3u8',
    1,
    '2022-12-17 16:44:09',
    '2022-12-17 16:44:09'
  ),
  (
    7,
    21.024668,
    105.845812,
    '67/4A Ly Thuong Kiet, Hoan Kiem, Trần Hưng Đạo, Hoàn Kiếm, Hà Nội, Vietnam',
    122.0,
    135.0,
    78.0,
    100.0,
    'blue',
    'HDPE, Composite',
    'Paloca',
    '7',
    'bin_1671295449386.jpg',
    '',
    'empty',
    12,
    'https://devstreaming-cdn.apple.com/videos/streaming/examples/img_bipbop_adv_example_fmp4/master.m3u8',
    'https://devstreaming-cdn.apple.com/videos/streaming/examples/img_bipbop_adv_example_fmp4/master.m3u8',
    'https://devstreaming-cdn.apple.com/videos/streaming/examples/img_bipbop_adv_example_fmp4/master.m3u8',
    1,
    '2022-12-17 16:44:09',
    '2022-12-17 16:44:09'
  ),
  (
    8,
    21.025588,
    105.846681,
    '1-18 P. Hoả Lò, Trần Hưng Đạo, Hoàn Kiếm, Hà Nội, Vietnam',
    122.0,
    135.0,
    78.0,
    100.0,
    'blue',
    'HDPE, Composite',
    'Paloca',
    '8',
    'bin_1671295449415.jpg',
    '',
    'empty',
    32,
    'https://devstreaming-cdn.apple.com/videos/streaming/examples/img_bipbop_adv_example_fmp4/master.m3u8',
    'https://devstreaming-cdn.apple.com/videos/streaming/examples/img_bipbop_adv_example_fmp4/master.m3u8',
    'https://devstreaming-cdn.apple.com/videos/streaming/examples/img_bipbop_adv_example_fmp4/master.m3u8',
    1,
    '2022-12-17 16:44:09',
    '2022-12-17 16:44:09'
  ),
  (
    9,
    21.026269,
    105.84579,
    '49 P. Hai Bà Trưng, Trần Hưng Đạo, Hoàn Kiếm, Hà Nội, Vietnam',
    122.0,
    135.0,
    78.0,
    100.0,
    'blue',
    'HDPE, Composite',
    'Paloca',
    '9',
    'bin_1671295449442.jpg',
    '',
    'empty',
    12,
    'https://devstreaming-cdn.apple.com/videos/streaming/examples/img_bipbop_adv_example_fmp4/master.m3u8',
    'https://devstreaming-cdn.apple.com/videos/streaming/examples/img_bipbop_adv_example_fmp4/master.m3u8',
    'https://devstreaming-cdn.apple.com/videos/streaming/examples/img_bipbop_adv_example_fmp4/master.m3u8',
    1,
    '2022-12-17 16:44:09',
    '2022-12-17 16:44:09'
  ),
  (
    10,
    21.024643,
    105.85163,
    '40 P. Hai Bà Trưng, Tràng Tiền, Hoàn Kiếm, Hà Nội, Vietnam',
    122.0,
    135.0,
    78.0,
    100.0,
    'blue',
    'HDPE, Composite',
    'Paloca',
    '10',
    'bin_1671295449480.jpg',
    '',
    'empty',
    34,
    'https://devstreaming-cdn.apple.com/videos/streaming/examples/img_bipbop_adv_example_fmp4/master.m3u8',
    'https://devstreaming-cdn.apple.com/videos/streaming/examples/img_bipbop_adv_example_fmp4/master.m3u8',
    'https://devstreaming-cdn.apple.com/videos/streaming/examples/img_bipbop_adv_example_fmp4/master.m3u8',
    2,
    '2022-12-17 16:44:09',
    '2022-12-17 16:44:09'
  ),
  (
    11,
    21.025028,
    105.850443,
    '37-35 P. Hai Bà Trưng, Tràng Tiền, Hoàn Kiếm, Hà Nội, Vietnam',
    122.0,
    135.0,
    78.0,
    100.0,
    'blue',
    'HDPE, Composite',
    'Paloca',
    '11',
    'bin_1671295449506.jpg',
    '',
    'empty',
    12,
    'https://devstreaming-cdn.apple.com/videos/streaming/examples/img_bipbop_adv_example_fmp4/master.m3u8',
    'https://devstreaming-cdn.apple.com/videos/streaming/examples/img_bipbop_adv_example_fmp4/master.m3u8',
    'https://devstreaming-cdn.apple.com/videos/streaming/examples/img_bipbop_adv_example_fmp4/master.m3u8',
    2,
    '2022-12-17 16:44:09',
    '2022-12-17 16:44:09'
  ),
  (
    12,
    21.025482,
    105.852828,
    '3-9 P. Hàng Khay, Tràng Tiền, Hoàn Kiếm, Hà Nội, Vietnam',
    122.0,
    135.0,
    78.0,
    100.0,
    'blue',
    'HDPE, Composite',
    'Paloca',
    '12',
    'bin_1671295449527.jpg',
    '',
    'empty',
    65,
    'https://devstreaming-cdn.apple.com/videos/streaming/examples/img_bipbop_adv_example_fmp4/master.m3u8',
    'https://devstreaming-cdn.apple.com/videos/streaming/examples/img_bipbop_adv_example_fmp4/master.m3u8',
    'https://devstreaming-cdn.apple.com/videos/streaming/examples/img_bipbop_adv_example_fmp4/master.m3u8',
    2,
    '2022-12-17 16:44:09',
    '2022-12-17 16:44:09'
  ),
  (
    13,
    21.026263,
    105.850843,
    '13T Tràng Thi, Hàng Trống, Hoàn Kiếm, Hà Nội, Vietnam',
    122.0,
    135.0,
    78.0,
    100.0,
    'blue',
    'HDPE, Composite',
    'Paloca',
    '13',
    'bin_1671295449555.jpg',
    '',
    'empty',
    14,
    'https://devstreaming-cdn.apple.com/videos/streaming/examples/img_bipbop_adv_example_fmp4/master.m3u8',
    'https://devstreaming-cdn.apple.com/videos/streaming/examples/img_bipbop_adv_example_fmp4/master.m3u8',
    'https://devstreaming-cdn.apple.com/videos/streaming/examples/img_bipbop_adv_example_fmp4/master.m3u8',
    2,
    '2022-12-17 16:44:09',
    '2022-12-17 16:44:09'
  ),
  (
    14,
    21.026869,
    105.848146,
    '33 Tràng Thi, Trần Hưng Đạo, Hoàn Kiếm, Hà Nội, Vietnam',
    122.0,
    135.0,
    78.0,
    100.0,
    'blue',
    'HDPE, Composite',
    'Paloca',
    '14',
    'bin_1671295449574.jpg',
    '',
    'empty',
    56,
    'https://devstreaming-cdn.apple.com/videos/streaming/examples/img_bipbop_adv_example_fmp4/master.m3u8',
    'https://devstreaming-cdn.apple.com/videos/streaming/examples/img_bipbop_adv_example_fmp4/master.m3u8',
    'https://devstreaming-cdn.apple.com/videos/streaming/examples/img_bipbop_adv_example_fmp4/master.m3u8',
    2,
    '2022-12-17 16:44:09',
    '2022-12-17 16:44:09'
  ),
  (
    15,
    21.025727,
    105.849757,
    '1 P. Quang Trung, Tràng Tiền, Hoàn Kiếm, Hà Nội, Vietnam',
    122.0,
    135.0,
    78.0,
    100.0,
    'blue',
    'HDPE, Composite',
    'Paloca',
    '15',
    'bin_1671295449595.jpg',
    '',
    'empty',
    42,
    'https://devstreaming-cdn.apple.com/videos/streaming/examples/img_bipbop_adv_example_fmp4/master.m3u8',
    'https://devstreaming-cdn.apple.com/videos/streaming/examples/img_bipbop_adv_example_fmp4/master.m3u8',
    'https://devstreaming-cdn.apple.com/videos/streaming/examples/img_bipbop_adv_example_fmp4/master.m3u8',
    2,
    '2022-12-17 16:44:09',
    '2022-12-17 16:44:09'
  ),
  (
    16,
    21.024364,
    105.849382,
    '2-4 P. Quang Trung, Trần Hưng Đạo, Hoàn Kiếm, Hà Nội, Vietnam',
    122.0,
    135.0,
    78.0,
    100.0,
    'blue',
    'HDPE, Composite',
    'Paloca',
    '16',
    'bin_1671295449619.jpg',
    '',
    'empty',
    54,
    'https://devstreaming-cdn.apple.com/videos/streaming/examples/img_bipbop_adv_example_fmp4/master.m3u8',
    'https://devstreaming-cdn.apple.com/videos/streaming/examples/img_bipbop_adv_example_fmp4/master.m3u8',
    'https://devstreaming-cdn.apple.com/videos/streaming/examples/img_bipbop_adv_example_fmp4/master.m3u8',
    2,
    '2022-12-17 16:44:09',
    '2022-12-17 16:44:09'
  ),
  (
    17,
    21.023396,
    105.850094,
    '45 P. Lý Thường Kiệt, Trần Hưng Đạo, Hoàn Kiếm, Hà Nội, Vietnam',
    122.0,
    135.0,
    78.0,
    100.0,
    'blue',
    'HDPE, Composite',
    'Paloca',
    '17',
    'bin_1671295449646.jpg',
    '',
    'empty',
    32,
    'https://devstreaming-cdn.apple.com/videos/streaming/examples/img_bipbop_adv_example_fmp4/master.m3u8',
    'https://devstreaming-cdn.apple.com/videos/streaming/examples/img_bipbop_adv_example_fmp4/master.m3u8',
    'https://devstreaming-cdn.apple.com/videos/streaming/examples/img_bipbop_adv_example_fmp4/master.m3u8',
    2,
    '2022-12-17 16:44:09',
    '2022-12-17 16:44:09'
  ),
  (
    18,
    21.025734,
    105.847656,
    '43A P. Hai Bà Trưng, Trần Hưng Đạo, Hoàn Kiếm, Hà Nội, Vietnam',
    122.0,
    135.0,
    78.0,
    100.0,
    'blue',
    'HDPE, Composite',
    'Paloca',
    '18',
    'bin_1671295449673.jpg',
    '',
    'empty',
    21,
    'https://devstreaming-cdn.apple.com/videos/streaming/examples/img_bipbop_adv_example_fmp4/master.m3u8',
    'https://devstreaming-cdn.apple.com/videos/streaming/examples/img_bipbop_adv_example_fmp4/master.m3u8',
    'https://devstreaming-cdn.apple.com/videos/streaming/examples/img_bipbop_adv_example_fmp4/master.m3u8',
    2,
    '2022-12-17 16:44:09',
    '2022-12-17 16:44:09'
  ),
  (
    19,
    21.02037,
    105.84441,
    '14 P. Trần Bình Trọng, Trần Hưng Đạo, Hoàn Kiếm, Hà Nội, Vietnam',
    122.0,
    135.0,
    78.0,
    100.0,
    'blue',
    'HDPE, Composite',
    'Paloca',
    '19',
    'bin_1671295449697.jpg',
    '',
    'empty',
    30,
    'https://devstreaming-cdn.apple.com/videos/streaming/examples/img_bipbop_adv_example_fmp4/master.m3u8',
    'https://devstreaming-cdn.apple.com/videos/streaming/examples/img_bipbop_adv_example_fmp4/master.m3u8',
    'https://devstreaming-cdn.apple.com/videos/streaming/examples/img_bipbop_adv_example_fmp4/master.m3u8',
    3,
    '2022-12-17 16:44:09',
    '2022-12-17 16:44:09'
  ),
  (
    20,
    21.021431,
    105.843378,
    'P. Yết Kiêu, Trần Hưng Đạo, Hoàn Kiếm, Hà Nội, Vietnam',
    122.0,
    135.0,
    78.0,
    100.0,
    'blue',
    'HDPE, Composite',
    'Paloca',
    '20',
    'bin_1671295449729.jpg',
    '',
    'empty',
    50,
    'https://devstreaming-cdn.apple.com/videos/streaming/examples/img_bipbop_adv_example_fmp4/master.m3u8',
    'https://devstreaming-cdn.apple.com/videos/streaming/examples/img_bipbop_adv_example_fmp4/master.m3u8',
    'https://devstreaming-cdn.apple.com/videos/streaming/examples/img_bipbop_adv_example_fmp4/master.m3u8',
    3,
    '2022-12-17 16:44:09',
    '2022-12-17 16:44:09'
  ),
  (
    21,
    21.020426,
    105.846653,
    '67 P. Trần Quốc Toản, Trần Hưng Đạo, Hoàn Kiếm, Hà Nội, Vietnam',
    122.0,
    135.0,
    78.0,
    100.0,
    'blue',
    'HDPE, Composite',
    'Paloca',
    '21',
    'bin_1671295449759.jpg',
    '',
    'empty',
    40,
    'https://devstreaming-cdn.apple.com/videos/streaming/examples/img_bipbop_adv_example_fmp4/master.m3u8',
    'https://devstreaming-cdn.apple.com/videos/streaming/examples/img_bipbop_adv_example_fmp4/master.m3u8',
    'https://devstreaming-cdn.apple.com/videos/streaming/examples/img_bipbop_adv_example_fmp4/master.m3u8',
    3,
    '2022-12-17 16:44:09',
    '2022-12-17 16:44:09'
  ),
  (
    22,
    21.01926,
    105.8485,
    '46-35 P. Trương Hán Siêu, Trần Hưng Đạo, Hoàn Kiếm, Hà Nội, Vietnam',
    122.0,
    135.0,
    78.0,
    100.0,
    'blue',
    'HDPE, Composite',
    'Paloca',
    '22',
    'bin_1671295449788.jpg',
    '',
    'empty',
    34,
    'https://devstreaming-cdn.apple.com/videos/streaming/examples/img_bipbop_adv_example_fmp4/master.m3u8',
    'https://devstreaming-cdn.apple.com/videos/streaming/examples/img_bipbop_adv_example_fmp4/master.m3u8',
    'https://devstreaming-cdn.apple.com/videos/streaming/examples/img_bipbop_adv_example_fmp4/master.m3u8',
    3,
    '2022-12-17 16:44:09',
    '2022-12-17 16:44:09'
  ),
  (
    23,
    21.021228,
    105.848291,
    '24 P. Quang Trung, Trần Hưng Đạo, Hoàn Kiếm, Hà Nội, Vietnam',
    122.0,
    135.0,
    78.0,
    100.0,
    'blue',
    'HDPE, Composite',
    'Paloca',
    '23',
    'bin_1671295449813.jpg',
    '',
    'empty',
    42,
    'https://devstreaming-cdn.apple.com/videos/streaming/examples/img_bipbop_adv_example_fmp4/master.m3u8',
    'https://devstreaming-cdn.apple.com/videos/streaming/examples/img_bipbop_adv_example_fmp4/master.m3u8',
    'https://devstreaming-cdn.apple.com/videos/streaming/examples/img_bipbop_adv_example_fmp4/master.m3u8',
    3,
    '2022-12-17 16:44:09',
    '2022-12-17 16:44:09'
  ),
  (
    24,
    21.021347,
    105.845912,
    'Ng. Đoàn Nhữ Hài, Trần Hưng Đạo, Hoàn Kiếm, Hà Nội, Vietnam',
    122.0,
    135.0,
    78.0,
    100.0,
    'blue',
    'HDPE, Composite',
    'Paloca',
    '24',
    'bin_1671295449840.jpg',
    '',
    'empty',
    51,
    'https://devstreaming-cdn.apple.com/videos/streaming/examples/img_bipbop_adv_example_fmp4/master.m3u8',
    'https://devstreaming-cdn.apple.com/videos/streaming/examples/img_bipbop_adv_example_fmp4/master.m3u8',
    'https://devstreaming-cdn.apple.com/videos/streaming/examples/img_bipbop_adv_example_fmp4/master.m3u8',
    3,
    '2022-12-17 16:44:09',
    '2022-12-17 16:44:09'
  ),
  (
    25,
    21.022206,
    105.848164,
    '66-68 Trần Hưng Đạo, Hoàn Kiếm, Hà Nội, Vietnam',
    122.0,
    135.0,
    78.0,
    100.0,
    'blue',
    'HDPE, Composite',
    'Paloca',
    '25',
    'bin_1671295449870.jpg',
    '',
    'empty',
    67,
    'https://devstreaming-cdn.apple.com/videos/streaming/examples/img_bipbop_adv_example_fmp4/master.m3u8',
    'https://devstreaming-cdn.apple.com/videos/streaming/examples/img_bipbop_adv_example_fmp4/master.m3u8',
    'https://devstreaming-cdn.apple.com/videos/streaming/examples/img_bipbop_adv_example_fmp4/master.m3u8',
    3,
    '2022-12-17 16:44:09',
    '2022-12-17 16:44:09'
  ),
  (
    26,
    21.022837,
    105.845675,
    '1 P. Trần Bình Trọng, Trần Hưng Đạo, Hoàn Kiếm, Hà Nội, Vietnam',
    122.0,
    135.0,
    78.0,
    100.0,
    'blue',
    'HDPE, Composite',
    'Paloca',
    '26',
    'bin_1671295449901.jpg',
    '',
    'empty',
    63,
    'https://devstreaming-cdn.apple.com/videos/streaming/examples/img_bipbop_adv_example_fmp4/master.m3u8',
    'https://devstreaming-cdn.apple.com/videos/streaming/examples/img_bipbop_adv_example_fmp4/master.m3u8',
    'https://devstreaming-cdn.apple.com/videos/streaming/examples/img_bipbop_adv_example_fmp4/master.m3u8',
    3,
    '2022-12-17 16:44:09',
    '2022-12-17 16:44:09'
  ),
  (
    27,
    21.02345,
    105.848054,
    '77d P. Thợ Nhuộm, Trần Hưng Đạo, Hoàn Kiếm, Hà Nội 100000, Vietnam',
    122.0,
    135.0,
    78.0,
    100.0,
    'blue',
    'HDPE, Composite',
    'Paloca',
    '27',
    'bin_1671295449931.jpg',
    '',
    'empty',
    42,
    'https://devstreaming-cdn.apple.com/videos/streaming/examples/img_bipbop_adv_example_fmp4/master.m3u8',
    'https://devstreaming-cdn.apple.com/videos/streaming/examples/img_bipbop_adv_example_fmp4/master.m3u8',
    'https://devstreaming-cdn.apple.com/videos/streaming/examples/img_bipbop_adv_example_fmp4/master.m3u8',
    3,
    '2022-12-17 16:44:09',
    '2022-12-17 16:44:09'
  ),
  (
    28,
    21.02023,
    105.849785,
    'Vietbank office building, P. Bà Triệu, Trần Hưng Đạo, Hoàn Kiếm, Hà Nội, Vietnam',
    122.0,
    135.0,
    78.0,
    100.0,
    'blue',
    'HDPE, Composite',
    'Paloca',
    '28',
    'bin_1671295449987.jpg',
    '',
    'empty',
    14,
    'https://devstreaming-cdn.apple.com/videos/streaming/examples/img_bipbop_adv_example_fmp4/master.m3u8',
    'https://devstreaming-cdn.apple.com/videos/streaming/examples/img_bipbop_adv_example_fmp4/master.m3u8',
    'https://devstreaming-cdn.apple.com/videos/streaming/examples/img_bipbop_adv_example_fmp4/master.m3u8',
    4,
    '2022-12-17 16:44:10',
    '2022-12-17 16:44:10'
  ),
  (
    29,
    21.018737,
    105.85164,
    '28-48 P. Huế, Hàng Bài, Hoàn Kiếm, Hà Nội, Vietnam',
    122.0,
    135.0,
    78.0,
    100.0,
    'blue',
    'HDPE, Composite',
    'Paloca',
    '29',
    'bin_1671295450019.jpg',
    '',
    'empty',
    26,
    'https://devstreaming-cdn.apple.com/videos/streaming/examples/img_bipbop_adv_example_fmp4/master.m3u8',
    'https://devstreaming-cdn.apple.com/videos/streaming/examples/img_bipbop_adv_example_fmp4/master.m3u8',
    'https://devstreaming-cdn.apple.com/videos/streaming/examples/img_bipbop_adv_example_fmp4/master.m3u8',
    4,
    '2022-12-17 16:44:10',
    '2022-12-17 16:44:10'
  ),
  (
    30,
    21.020049,
    105.851969,
    '46-55 P. Hàng Bài, Hàng Bài, Hoàn Kiếm, Hà Nội, Vietnam',
    122.0,
    135.0,
    78.0,
    100.0,
    'blue',
    'HDPE, Composite',
    'Paloca',
    '30',
    'bin_1671295450040.jpg',
    '',
    'empty',
    39,
    'https://devstreaming-cdn.apple.com/videos/streaming/examples/img_bipbop_adv_example_fmp4/master.m3u8',
    'https://devstreaming-cdn.apple.com/videos/streaming/examples/img_bipbop_adv_example_fmp4/master.m3u8',
    'https://devstreaming-cdn.apple.com/videos/streaming/examples/img_bipbop_adv_example_fmp4/master.m3u8',
    4,
    '2022-12-17 16:44:10',
    '2022-12-17 16:44:10'
  ),
  (
    31,
    21.021567,
    105.852366,
    '47-41 P. Hàng Bài, Hàng Bài, Hoàn Kiếm, Hà Nội, Vietnam',
    122.0,
    135.0,
    78.0,
    100.0,
    'blue',
    'HDPE, Composite',
    'Paloca',
    '31',
    'bin_1671295450064.jpg',
    '',
    'empty',
    48,
    'https://devstreaming-cdn.apple.com/videos/streaming/examples/img_bipbop_adv_example_fmp4/master.m3u8',
    'https://devstreaming-cdn.apple.com/videos/streaming/examples/img_bipbop_adv_example_fmp4/master.m3u8',
    'https://devstreaming-cdn.apple.com/videos/streaming/examples/img_bipbop_adv_example_fmp4/master.m3u8',
    4,
    '2022-12-17 16:44:10',
    '2022-12-17 16:44:10'
  ),
  (
    32,
    21.020133,
    105.851005,
    '61-35 P.Hàm Long, Hàng Bài, Hoàn Kiếm, Hà Nội, Vietnam',
    122.0,
    135.0,
    78.0,
    100.0,
    'blue',
    'HDPE, Composite',
    'Paloca',
    '32',
    'bin_1671295450133.jpg',
    '',
    'empty',
    29,
    'https://devstreaming-cdn.apple.com/videos/streaming/examples/img_bipbop_adv_example_fmp4/master.m3u8',
    'https://devstreaming-cdn.apple.com/videos/streaming/examples/img_bipbop_adv_example_fmp4/master.m3u8',
    'https://devstreaming-cdn.apple.com/videos/streaming/examples/img_bipbop_adv_example_fmp4/master.m3u8',
    4,
    '2022-12-17 16:44:10',
    '2022-12-17 16:44:10'
  ),
  (
    33,
    21.021217,
    105.851218,
    '55 Trần Hưng Đạo, Hàng Bài, Hoàn Kiếm, Hà Nội, Vietnam',
    122.0,
    135.0,
    78.0,
    100.0,
    'blue',
    'HDPE, Composite',
    'Paloca',
    '33',
    'bin_1671295450150.jpg',
    '',
    'empty',
    56,
    'https://devstreaming-cdn.apple.com/videos/streaming/examples/img_bipbop_adv_example_fmp4/master.m3u8',
    'https://devstreaming-cdn.apple.com/videos/streaming/examples/img_bipbop_adv_example_fmp4/master.m3u8',
    'https://devstreaming-cdn.apple.com/videos/streaming/examples/img_bipbop_adv_example_fmp4/master.m3u8',
    4,
    '2022-12-17 16:44:10',
    '2022-12-17 16:44:10'
  ),
  (
    34,
    21.01983,
    105.853452,
    '56-158 P. Ngô Quyền, Hàng Bài, Hoàn Kiếm, Hà Nội, Vietnam',
    122.0,
    135.0,
    78.0,
    100.0,
    'blue',
    'HDPE, Composite',
    'Paloca',
    '34',
    'bin_1671295450180.jpg',
    '',
    'empty',
    23,
    'https://devstreaming-cdn.apple.com/videos/streaming/examples/img_bipbop_adv_example_fmp4/master.m3u8',
    'https://devstreaming-cdn.apple.com/videos/streaming/examples/img_bipbop_adv_example_fmp4/master.m3u8',
    'https://devstreaming-cdn.apple.com/videos/streaming/examples/img_bipbop_adv_example_fmp4/master.m3u8',
    4,
    '2022-12-17 16:44:10',
    '2022-12-17 16:44:10'
  ),
  (
    35,
    21.02152,
    105.853989,
    '46 P. Ngô Quyền, Hàng Bài, Hoàn Kiếm, Hà Nội, Vietnam',
    122.0,
    135.0,
    78.0,
    100.0,
    'blue',
    'HDPE, Composite',
    'Paloca',
    '35',
    'bin_1671295450211.jpg',
    '',
    'empty',
    54,
    'https://devstreaming-cdn.apple.com/videos/streaming/examples/img_bipbop_adv_example_fmp4/master.m3u8',
    'https://devstreaming-cdn.apple.com/videos/streaming/examples/img_bipbop_adv_example_fmp4/master.m3u8',
    'https://devstreaming-cdn.apple.com/videos/streaming/examples/img_bipbop_adv_example_fmp4/master.m3u8',
    4,
    '2022-12-17 16:44:10',
    '2022-12-17 16:44:10'
  ),
  (
    36,
    21.02258,
    105.853328,
    '35-27 P. Lý Thường Kiệt, Hàng Bài, Hoàn Kiếm, Hà Nội, Vietnam',
    122.0,
    135.0,
    78.0,
    100.0,
    'blue',
    'HDPE, Composite',
    'Paloca',
    '36',
    'bin_1671295450235.jpg',
    '',
    'empty',
    26,
    'https://devstreaming-cdn.apple.com/videos/streaming/examples/img_bipbop_adv_example_fmp4/master.m3u8',
    'https://devstreaming-cdn.apple.com/videos/streaming/examples/img_bipbop_adv_example_fmp4/master.m3u8',
    'https://devstreaming-cdn.apple.com/videos/streaming/examples/img_bipbop_adv_example_fmp4/master.m3u8',
    4,
    '2022-12-17 16:44:10',
    '2022-12-17 16:44:10'
  ),
  (
    37,
    21.024084,
    105.85359,
    '16-28 P. Hai Bà Trưng, Hàng Bài, Hoàn Kiếm, Hà Nội, Vietnam',
    122.0,
    135.0,
    78.0,
    100.0,
    'blue',
    'HDPE, Composite',
    'Paloca',
    '37',
    'bin_1671295450376.jpg',
    '',
    'empty',
    27,
    'https://devstreaming-cdn.apple.com/videos/streaming/examples/img_bipbop_adv_example_fmp4/master.m3u8',
    'https://devstreaming-cdn.apple.com/videos/streaming/examples/img_bipbop_adv_example_fmp4/master.m3u8',
    'https://devstreaming-cdn.apple.com/videos/streaming/examples/img_bipbop_adv_example_fmp4/master.m3u8',
    4,
    '2022-12-17 16:44:10',
    '2022-12-17 16:44:10'
  ),
  (
    38,
    21.021823,
    105.850319,
    '44-58 P. Bà Triệu, Trần Hưng Đạo, Hoàn Kiếm, Hà Nội, Vietnam',
    122.0,
    135.0,
    78.0,
    100.0,
    'blue',
    'HDPE, Composite',
    'Paloca',
    '38',
    'bin_1671295450422.jpg',
    '',
    'empty',
    24,
    'https://devstreaming-cdn.apple.com/videos/streaming/examples/img_bipbop_adv_example_fmp4/master.m3u8',
    'https://devstreaming-cdn.apple.com/videos/streaming/examples/img_bipbop_adv_example_fmp4/master.m3u8',
    'https://devstreaming-cdn.apple.com/videos/streaming/examples/img_bipbop_adv_example_fmp4/master.m3u8',
    4,
    '2022-12-17 16:44:10',
    '2022-12-17 16:44:10'
  ),
  (
    39,
    21.019224,
    105.855363,
    '57-53 P. Phan Chu Trinh, Phan Chu Trinh, Hoàn Kiếm, Hà Nội, Vietnam',
    122.0,
    135.0,
    78.0,
    100.0,
    'blue',
    'HDPE, Composite',
    'Paloca',
    '39',
    'bin_1671295450472.jpg',
    '',
    'empty',
    48,
    'https://devstreaming-cdn.apple.com/videos/streaming/examples/img_bipbop_adv_example_fmp4/master.m3u8',
    'https://devstreaming-cdn.apple.com/videos/streaming/examples/img_bipbop_adv_example_fmp4/master.m3u8',
    'https://devstreaming-cdn.apple.com/videos/streaming/examples/img_bipbop_adv_example_fmp4/master.m3u8',
    5,
    '2022-12-17 16:44:10',
    '2022-12-17 16:44:10'
  ),
  (
    40,
    21.018665,
    105.854301,
    '4-10 P.Hàm Long, Phan Chu Trinh, Hoàn Kiếm, Hà Nội, Vietnam',
    122.0,
    135.0,
    78.0,
    100.0,
    'blue',
    'HDPE, Composite',
    'Paloca',
    '40',
    'bin_1671295450500.jpg',
    '',
    'empty',
    56,
    'https://devstreaming-cdn.apple.com/videos/streaming/examples/img_bipbop_adv_example_fmp4/master.m3u8',
    'https://devstreaming-cdn.apple.com/videos/streaming/examples/img_bipbop_adv_example_fmp4/master.m3u8',
    'https://devstreaming-cdn.apple.com/videos/streaming/examples/img_bipbop_adv_example_fmp4/master.m3u8',
    5,
    '2022-12-17 16:44:10',
    '2022-12-17 16:44:10'
  ),
  (
    41,
    21.019306,
    105.856811,
    '13-11 P. Phan Huy Chú, Phan Chu Trinh, Hoàn Kiếm, Hà Nội, Vietnam',
    122.0,
    135.0,
    78.0,
    100.0,
    'blue',
    'HDPE, Composite',
    'Paloca',
    '41',
    'bin_1671295450517.jpg',
    '',
    'empty',
    26,
    'https://devstreaming-cdn.apple.com/videos/streaming/examples/img_bipbop_adv_example_fmp4/master.m3u8',
    'https://devstreaming-cdn.apple.com/videos/streaming/examples/img_bipbop_adv_example_fmp4/master.m3u8',
    'https://devstreaming-cdn.apple.com/videos/streaming/examples/img_bipbop_adv_example_fmp4/master.m3u8',
    5,
    '2022-12-17 16:44:10',
    '2022-12-17 16:44:10'
  ),
  (
    42,
    21.020856,
    105.857385,
    '5-3 P. Phan Huy Chú, Phan Chu Trinh, Hoàn Kiếm, Hà Nội, Vietnam',
    122.0,
    135.0,
    78.0,
    100.0,
    'blue',
    'HDPE, Composite',
    'Paloca',
    '42',
    'bin_1671295450535.jpg',
    '',
    'empty',
    47,
    'https://devstreaming-cdn.apple.com/videos/streaming/examples/img_bipbop_adv_example_fmp4/master.m3u8',
    'https://devstreaming-cdn.apple.com/videos/streaming/examples/img_bipbop_adv_example_fmp4/master.m3u8',
    'https://devstreaming-cdn.apple.com/videos/streaming/examples/img_bipbop_adv_example_fmp4/master.m3u8',
    5,
    '2022-12-17 16:44:10',
    '2022-12-17 16:44:10'
  ),
  (
    43,
    21.022301,
    105.857697,
    '11 P. Lê Thánh Tông, Phan Chu Trinh, Hoàn Kiếm, Hà Nội, Vietnam',
    122.0,
    135.0,
    78.0,
    100.0,
    'blue',
    'HDPE, Composite',
    'Paloca',
    '43',
    'bin_1671295450559.jpg',
    '',
    'empty',
    68,
    'https://devstreaming-cdn.apple.com/videos/streaming/examples/img_bipbop_adv_example_fmp4/master.m3u8',
    'https://devstreaming-cdn.apple.com/videos/streaming/examples/img_bipbop_adv_example_fmp4/master.m3u8',
    'https://devstreaming-cdn.apple.com/videos/streaming/examples/img_bipbop_adv_example_fmp4/master.m3u8',
    5,
    '2022-12-17 16:44:10',
    '2022-12-17 16:44:10'
  ),
  (
    44,
    21.02173,
    105.855712,
    '14-20 P. Lý Thường Kiệt, Phan Chu Trinh, Hoàn Kiếm, Hà Nội, Vietnam',
    122.0,
    135.0,
    78.0,
    100.0,
    'blue',
    'HDPE, Composite',
    'Paloca',
    '44',
    'bin_1671295450582.jpg',
    '',
    'empty',
    43,
    'https://devstreaming-cdn.apple.com/videos/streaming/examples/img_bipbop_adv_example_fmp4/master.m3u8',
    'https://devstreaming-cdn.apple.com/videos/streaming/examples/img_bipbop_adv_example_fmp4/master.m3u8',
    'https://devstreaming-cdn.apple.com/videos/streaming/examples/img_bipbop_adv_example_fmp4/master.m3u8',
    5,
    '2022-12-17 16:44:10',
    '2022-12-17 16:44:10'
  ),
  (
    45,
    21.023466,
    105.856686,
    '6-8 P. Phan Chu Trinh, Tràng Tiền, Hoàn Kiếm, Hà Nội, Vietnam',
    122.0,
    135.0,
    78.0,
    100.0,
    'blue',
    'HDPE, Composite',
    'Paloca',
    '45',
    'bin_1671295450598.jpg',
    '',
    'empty',
    56,
    'https://devstreaming-cdn.apple.com/videos/streaming/examples/img_bipbop_adv_example_fmp4/master.m3u8',
    'https://devstreaming-cdn.apple.com/videos/streaming/examples/img_bipbop_adv_example_fmp4/master.m3u8',
    'https://devstreaming-cdn.apple.com/videos/streaming/examples/img_bipbop_adv_example_fmp4/master.m3u8',
    5,
    '2022-12-17 16:44:10',
    '2022-12-17 16:44:10'
  ),
  (
    46,
    21.02441,
    105.854976,
    '18-32 P. Ngô Quyền, Tràng Tiền, Hoàn Kiếm, Hà Nội, Vietnam',
    122.0,
    135.0,
    78.0,
    100.0,
    'blue',
    'HDPE, Composite',
    'Paloca',
    '46',
    'bin_1671295450614.jpg',
    '',
    'empty',
    34,
    'https://devstreaming-cdn.apple.com/videos/streaming/examples/img_bipbop_adv_example_fmp4/master.m3u8',
    'https://devstreaming-cdn.apple.com/videos/streaming/examples/img_bipbop_adv_example_fmp4/master.m3u8',
    'https://devstreaming-cdn.apple.com/videos/streaming/examples/img_bipbop_adv_example_fmp4/master.m3u8',
    5,
    '2022-12-17 16:44:10',
    '2022-12-17 16:44:10'
  ),
  (
    47,
    21.022674,
    105.855787,
    '1 P. Phạm Sư Mạnh, Phan Chu Trinh, Hoàn Kiếm, Hà Nội, Vietnam',
    122.0,
    135.0,
    78.0,
    100.0,
    'blue',
    'HDPE, Composite',
    'Paloca',
    '47',
    'bin_1671295450630.jpg',
    '',
    'empty',
    12,
    'https://devstreaming-cdn.apple.com/videos/streaming/examples/img_bipbop_adv_example_fmp4/master.m3u8',
    'https://devstreaming-cdn.apple.com/videos/streaming/examples/img_bipbop_adv_example_fmp4/master.m3u8',
    'https://devstreaming-cdn.apple.com/videos/streaming/examples/img_bipbop_adv_example_fmp4/master.m3u8',
    5,
    '2022-12-17 16:44:10',
    '2022-12-17 16:44:10'
  ),
  (
    48,
    21.025727,
    105.855275,
    '15 P. Ngô Quyền, Tràng Tiền, Hoàn Kiếm, Hà Nội, Vietnam',
    122.0,
    135.0,
    78.0,
    100.0,
    'blue',
    'HDPE, Composite',
    'Paloca',
    '48',
    'bin_1671295450646.jpg',
    '',
    'empty',
    34,
    'https://devstreaming-cdn.apple.com/videos/streaming/examples/img_bipbop_adv_example_fmp4/master.m3u8',
    'https://devstreaming-cdn.apple.com/videos/streaming/examples/img_bipbop_adv_example_fmp4/master.m3u8',
    'https://devstreaming-cdn.apple.com/videos/streaming/examples/img_bipbop_adv_example_fmp4/master.m3u8',
    5,
    '2022-12-17 16:44:10',
    '2022-12-17 16:44:10'
  );
REPLACE INTO map_ws_dev.adm_user (
  id,
  phone,
  password,
  email,
  firstName,
  lastName,
  gender,
  dob,
  image,
  `role`,
  description,
  status,
  createdAt,
  updatedAt
)
VALUES (
    1,
    '0986420512',
    '$2b$10$vGJ/OfKbNy.AHzKL/4KKWuaQajmlR9yENcyQevoeqgZ9L9KTa.r12',
    'tungbv@gmail.com',
    'Bui Van',
    'Tung',
    'male',
    '05/12/2001',
    'user_1671284960657.png',
    'driver',
    'Bui Van Tung',
    'on',
    '2022-12-17 13:49:20',
    '2022-12-17 13:49:20'
  ),
  (
    2,
    '0123456789',
    '$2b$10$5xFgtYqWXvEH6Ge4LPqQu.fQInRS7X/EWC.kYyV7g7LvrmJWx74YW',
    'hungdn@gmail.com',
    'Dang Ngoc',
    'Hung',
    'male',
    '01/01/1980',
    'user_1671285089102.jpg',
    'manager',
    'Dang Ngoc Hung',
    'on',
    '2022-12-17 13:51:29',
    '2022-12-17 13:51:29'
  ),
  (
    3,
    '0123456780',
    '$2b$10$IHaTj61UTANTbp7gX8rlkuwc7bzVwby777LvcTOPNmq9hUFUoa8uK',
    'namvh@gmail.com',
    'Vu Hoai',
    'Nam',
    'male',
    '02/03/1980',
    'user_1671285138165.png',
    'admin',
    'Vu Hoai Nam',
    'on',
    '2022-12-17 13:52:18',
    '2022-12-17 13:52:18'
  ),
  (
    4,
    '0123456781',
    '$2b$10$C0Atk4Q.cG9yUSMoFouRi.Xg05D3hpwDY11EoVti0/kRYcMjmND1K',
    'dungdq@gmail.com',
    'Dang Quang',
    'Dung',
    'male',
    '15/02/2001',
    'user_1671285304631.png',
    'driver',
    'Dang Quang Dung',
    'on',
    '2022-12-17 13:55:04',
    '2022-12-17 13:55:04'
  ),
  (
    5,
    '0123456782',
    '$2b$10$EalGAlvc13LBsJSUV3/f4uGhSCeX8LwZ2DCPz59cmyE3xrPH./3NG',
    'anhvm@gmail.com',
    'Vu Minh',
    'Anh',
    'male',
    '04/02/2001',
    'user_1671285335485.png',
    'driver',
    'Vu Minh Anh',
    'on',
    '2022-12-17 13:55:35',
    '2022-12-17 13:55:35'
  ),
  (
    6,
    '0123456783',
    '$2b$10$fWPMlsIfdq.hWUDUI/dKTu/R7tRTV.JbKRaw5r7.sYvVMtEBrdzx2',
    'huynq@gmail.com',
    'Nguyen Quang',
    'Huy',
    'male',
    '05/06/2001',
    'user_1671285443603.png',
    'driver',
    'Nguyen Quang Huy',
    'on',
    '2022-12-17 13:57:23',
    '2022-12-17 13:57:23'
  ),
  (
    7,
    '0123456784',
    '$2b$10$8BfbH8/EymCt5Bvuzprg6ewlwfNRu1yJl/XTZG.5iBlvqZWaP1XYy',
    'tiennv@gmail.com',
    'Nguyen Van',
    'Tien',
    'male',
    '15/08/1995',
    'user_1671285535190.png',
    'driver',
    'Nguyen Van Tien',
    'on',
    '2022-12-17 13:58:55',
    '2022-12-17 13:58:55'
  );
REPLACE INTO map_ws_dev.adm_vehicle (
  id,
  code,
  engineHours,
  engineId,
  engineType,
  model,
  height,
  `length`,
  width,
  odometer,
  plate,
  tonnage,
  image,
  description,
  status,
  camera,
  createdAt,
  updatedAt
)
VALUES (
    1,
    '1',
    '1082730',
    'edaHFt4ZTu',
    'Petrol',
    'The Mammoth from New Way',
    2800.0,
    7270.0,
    2555.0,
    324393.0,
    '30E-96169',
    12550.0,
    'vehicle_1671289194156.jpg',
    '',
    'breakdown',
    'https://devstreaming-cdn.apple.com/videos/streaming/examples/img_bipbop_adv_example_fmp4/master.m3u8',
    '2022-12-17 14:59:54',
    '2022-12-17 20:44:30'
  ),
  (
    2,
    '2',
    '1010730',
    '6DaATgVNCA',
    'Diesel',
    'McNeilus Heavy-Duty Rear Loader',
    2930.0,
    5895.0,
    2295.0,
    123816.0,
    '30F-22222',
    11712.0,
    'vehicle_1671289331670.jpg',
    '',
    'off',
    'https://devstreaming-cdn.apple.com/videos/streaming/examples/img_bipbop_adv_example_fmp4/master.m3u8',
    '2022-12-17 15:02:11',
    '2022-12-17 15:02:11'
  ),
  (
    3,
    '3',
    '1190730',
    'rWGUVnfA3E',
    'Petrol',
    'McNeilus Split Body',
    3240.0,
    7525.0,
    2490.0,
    867401.0,
    '30A-12893',
    12532.0,
    'vehicle_1671289422858.jpg',
    '',
    'off',
    'https://devstreaming-cdn.apple.com/videos/streaming/examples/img_bipbop_adv_example_fmp4/master.m3u8',
    '2022-12-17 15:03:42',
    '2022-12-17 15:03:42'
  ),
  (
    4,
    '4',
    '722730',
    'jTYW2BU8JB',
    'Petrol',
    'Heil Powertrak Commercial Plus High Capacity Rear Loader',
    3240.0,
    9010.0,
    2490.0,
    984334.0,
    '64A-04075',
    10471.0,
    'vehicle_1671289494433.jpg',
    '',
    'off',
    'https://devstreaming-cdn.apple.com/videos/streaming/examples/img_bipbop_adv_example_fmp4/master.m3u8',
    '2022-12-17 15:04:54',
    '2022-12-17 15:04:54'
  ),
  (
    5,
    '5',
    '1622730',
    'EPLytG2E9G',
    'Diesel',
    'Amrep HX450 Automated Side Loader',
    3005.0,
    5700.0,
    2495.0,
    475665.0,
    '30E-92292',
    14800.0,
    'vehicle_1671289547420.jpg',
    '',
    'off',
    'https://devstreaming-cdn.apple.com/videos/streaming/examples/img_bipbop_adv_example_fmp4/master.m3u8',
    '2022-12-17 15:05:47',
    '2022-12-17 15:05:47'
  );
REPLACE INTO map_ws_dev.adm_task (
  id,
  driverId,
  vehicleId,
  areaId,
  description,
  status,
  createdAt,
  updatedAt
)
VALUES (
    1,
    1,
    1,
    1,
    NULL,
    'finished',
    '2022-12-17 15:21:05',
    '2022-12-17 15:21:05'
  ),
  (
    2,
    4,
    2,
    2,
    NULL,
    'finished',
    '2022-12-17 15:21:29',
    '2022-12-17 15:21:29'
  ),
  (
    3,
    5,
    3,
    3,
    NULL,
    'finished',
    '2022-12-17 15:21:38',
    '2022-12-17 15:21:38'
  ),
  (
    4,
    6,
    4,
    4,
    NULL,
    'finished',
    '2022-12-17 15:21:44',
    '2022-12-17 15:21:44'
  ),
  (
    5,
    7,
    5,
    5,
    NULL,
    'finished',
    '2022-12-17 15:21:48',
    '2022-12-17 15:21:48'
  ),
  (
    6,
    1,
    4,
    2,
    NULL,
    'on',
    '2022-12-17 15:23:23',
    '2022-12-17 15:23:23'
  ),
  (
    7,
    4,
    1,
    3,
    NULL,
    'on',
    '2022-12-17 15:23:27',
    '2022-12-17 15:23:27'
  ),
  (
    8,
    5,
    2,
    5,
    NULL,
    'on',
    '2022-12-17 15:23:42',
    '2022-12-17 15:23:42'
  ),
  (
    9,
    6,
    3,
    1,
    NULL,
    'on',
    '2022-12-17 15:23:46',
    '2022-12-17 15:23:46'
  ),
  (
    10,
    7,
    5,
    4,
    NULL,
    'on',
    '2022-12-17 15:23:51',
    '2022-12-17 15:23:51'
  );
REPLACE INTO map_ws_dev.sup_vehicle_position (
  id,
  latitude,
  longitude,
  vehicleId,
  createdAt,
  updatedAt
)
VALUES (
    1,
    21.021474,
    105.850632,
    1,
    '2022-12-17 14:59:54',
    '2022-12-17 14:59:54'
  ),
  (
    2,
    21.022259,
    105.856313,
    2,
    '2022-12-17 15:02:11',
    '2022-12-17 15:02:11'
  ),
  (
    3,
    21.026153,
    105.850895,
    3,
    '2022-12-17 15:03:42',
    '2022-12-17 15:03:42'
  ),
  (
    4,
    21.022617,
    105.84677,
    4,
    '2022-12-17 15:04:54',
    '2022-12-17 15:04:54'
  ),
  (
    5,
    21.026608,
    105.844903,
    5,
    '2022-12-17 15:05:47',
    '2022-12-17 15:05:47'
  );
REPLACE INTO map_ws_dev.sup_vehicle_trouble (
  id,
  latitude,
  longitude,
  altitude,
  speed,
  angle,
  fuel,
  trouble,
  description,
  status,
  vehicleId,
  driverId,
  createdAt,
  updatedAt
)
VALUES (
    1,
    21.021474,
    105.850632,
    123.0,
    123.0,
    90.0,
    102.0,
    'car puncture',
    'car puncture',
    'breakdown',
    1,
    1,
    '2022-12-17 19:58:38',
    '2022-12-17 19:58:38'
  ),
  (
    2,
    21.021474,
    105.850632,
    123.0,
    123.0,
    90.0,
    102.0,
    'car puncture',
    'car puncture',
    'breakdown',
    1,
    1,
    '2022-12-17 20:05:02',
    '2022-12-17 20:05:02'
  ),
  (
    3,
    21.021474,
    105.850632,
    123.0,
    123.0,
    90.0,
    102.0,
    'car puncture',
    'car puncture',
    'breakdown',
    1,
    1,
    '2022-12-17 20:05:24',
    '2022-12-17 20:05:24'
  ),
  (
    4,
    21.021474,
    105.850632,
    123.0,
    123.0,
    90.0,
    102.0,
    'car puncture',
    'car puncture',
    'breakdown',
    1,
    1,
    '2022-12-17 20:05:26',
    '2022-12-17 20:05:26'
  ),
  (
    5,
    21.021474,
    105.850632,
    123.0,
    123.0,
    90.0,
    102.0,
    'car puncture',
    'car puncture',
    'breakdown',
    1,
    1,
    '2022-12-17 20:05:26',
    '2022-12-17 20:05:26'
  ),
  (
    6,
    21.021474,
    105.850632,
    123.0,
    123.0,
    90.0,
    102.0,
    'car puncture',
    'car puncture',
    'breakdown',
    1,
    1,
    '2022-12-17 20:05:39',
    '2022-12-17 20:05:39'
  ),
  (
    7,
    21.021474,
    105.850632,
    123.0,
    123.0,
    90.0,
    102.0,
    'car puncture',
    'car puncture',
    'breakdown',
    1,
    1,
    '2022-12-17 20:08:48',
    '2022-12-17 20:08:48'
  ),
  (
    8,
    21.021474,
    105.850632,
    123.0,
    123.0,
    90.0,
    102.0,
    'car puncture',
    'car puncture',
    'breakdown',
    1,
    1,
    '2022-12-17 20:09:28',
    '2022-12-17 20:09:28'
  ),
  (
    9,
    21.021474,
    105.850632,
    123.0,
    123.0,
    90.0,
    102.0,
    'car puncture',
    'car puncture',
    'breakdown',
    1,
    1,
    '2022-12-17 20:13:24',
    '2022-12-17 20:13:24'
  ),
  (
    10,
    21.021474,
    105.850632,
    123.0,
    123.0,
    90.0,
    102.0,
    'car puncture',
    'car puncture',
    'breakdown',
    1,
    1,
    '2022-12-17 20:14:03',
    '2022-12-17 20:14:03'
  );
REPLACE INTO map_ws_dev.sup_vehicle_trouble (
  id,
  latitude,
  longitude,
  altitude,
  speed,
  angle,
  fuel,
  trouble,
  description,
  status,
  vehicleId,
  driverId,
  createdAt,
  updatedAt
)
VALUES (
    11,
    21.021474,
    105.850632,
    123.0,
    123.0,
    90.0,
    102.0,
    'car puncture',
    'car puncture',
    'breakdown',
    1,
    1,
    '2022-12-17 20:15:05',
    '2022-12-17 20:15:05'
  ),
  (
    12,
    21.021474,
    105.850632,
    123.0,
    123.0,
    90.0,
    102.0,
    'car puncture',
    'car puncture',
    'breakdown',
    1,
    1,
    '2022-12-17 20:16:14',
    '2022-12-17 20:16:14'
  ),
  (
    13,
    21.021474,
    105.850632,
    123.0,
    123.0,
    90.0,
    102.0,
    'car puncture',
    'car puncture',
    'breakdown',
    1,
    1,
    '2022-12-17 20:19:31',
    '2022-12-17 20:19:31'
  ),
  (
    14,
    21.021474,
    105.850632,
    123.0,
    123.0,
    90.0,
    102.0,
    'car puncture',
    'car puncture',
    'breakdown',
    1,
    1,
    '2022-12-17 20:19:37',
    '2022-12-17 20:19:37'
  ),
  (
    15,
    21.021474,
    105.850632,
    123.0,
    123.0,
    90.0,
    102.0,
    'car puncture',
    'car puncture',
    'breakdown',
    1,
    1,
    '2022-12-17 20:21:22',
    '2022-12-17 20:21:22'
  ),
  (
    16,
    21.021474,
    105.850632,
    123.0,
    123.0,
    90.0,
    102.0,
    'car puncture',
    'car puncture',
    'breakdown',
    1,
    1,
    '2022-12-17 20:23:36',
    '2022-12-17 20:23:36'
  ),
  (
    17,
    21.021474,
    105.850632,
    123.0,
    123.0,
    90.0,
    102.0,
    'car puncture',
    'car puncture',
    'breakdown',
    1,
    1,
    '2022-12-17 20:24:52',
    '2022-12-17 20:24:52'
  ),
  (
    18,
    21.021474,
    105.850632,
    123.0,
    123.0,
    90.0,
    102.0,
    'car puncture',
    'car puncture',
    'breakdown',
    1,
    1,
    '2022-12-17 20:25:06',
    '2022-12-17 20:25:06'
  ),
  (
    19,
    21.021474,
    105.850632,
    123.0,
    123.0,
    90.0,
    102.0,
    'car puncture',
    'car puncture',
    'breakdown',
    1,
    1,
    '2022-12-17 20:25:58',
    '2022-12-17 20:25:58'
  ),
  (
    20,
    21.021474,
    105.850632,
    123.0,
    123.0,
    90.0,
    102.0,
    'car puncture',
    'car puncture',
    'breakdown',
    1,
    1,
    '2022-12-17 20:26:28',
    '2022-12-17 20:26:28'
  );
REPLACE INTO map_ws_dev.sup_vehicle_trouble (
  id,
  latitude,
  longitude,
  altitude,
  speed,
  angle,
  fuel,
  trouble,
  description,
  status,
  vehicleId,
  driverId,
  createdAt,
  updatedAt
)
VALUES (
    21,
    21.021474,
    105.850632,
    123.0,
    123.0,
    90.0,
    102.0,
    'car puncture',
    'car puncture',
    'breakdown',
    1,
    1,
    '2022-12-17 20:26:42',
    '2022-12-17 20:26:42'
  ),
  (
    22,
    21.021474,
    105.850632,
    123.0,
    123.0,
    90.0,
    102.0,
    'car puncture',
    'car puncture',
    'breakdown',
    1,
    1,
    '2022-12-17 20:27:03',
    '2022-12-17 20:27:03'
  ),
  (
    23,
    21.021474,
    105.850632,
    123.0,
    123.0,
    90.0,
    102.0,
    'car puncture',
    'car puncture',
    'breakdown',
    1,
    1,
    '2022-12-17 20:27:08',
    '2022-12-17 20:27:08'
  ),
  (
    24,
    21.021474,
    105.850632,
    123.0,
    123.0,
    90.0,
    102.0,
    'car puncture',
    'car puncture',
    'breakdown',
    1,
    1,
    '2022-12-17 20:27:11',
    '2022-12-17 20:27:11'
  ),
  (
    25,
    21.021474,
    105.850632,
    123.0,
    123.0,
    90.0,
    102.0,
    'car puncture',
    'car puncture',
    'breakdown',
    1,
    1,
    '2022-12-17 20:27:11',
    '2022-12-17 20:27:11'
  ),
  (
    26,
    21.021474,
    105.850632,
    123.0,
    123.0,
    90.0,
    102.0,
    'car puncture',
    'car puncture',
    'breakdown',
    1,
    1,
    '2022-12-17 20:27:38',
    '2022-12-17 20:27:38'
  ),
  (
    27,
    21.021474,
    105.850632,
    123.0,
    123.0,
    90.0,
    102.0,
    'car puncture',
    'car puncture',
    'breakdown',
    1,
    1,
    '2022-12-17 20:30:06',
    '2022-12-17 20:30:06'
  ),
  (
    28,
    21.021474,
    105.850632,
    123.0,
    123.0,
    90.0,
    102.0,
    'car puncture',
    'car puncture',
    'breakdown',
    1,
    1,
    '2022-12-17 20:30:20',
    '2022-12-17 20:30:20'
  ),
  (
    29,
    21.021474,
    105.850632,
    123.0,
    123.0,
    90.0,
    102.0,
    'car puncture',
    'car puncture',
    'breakdown',
    1,
    1,
    '2022-12-17 20:30:21',
    '2022-12-17 20:30:21'
  ),
  (
    30,
    21.021474,
    105.850632,
    123.0,
    123.0,
    90.0,
    102.0,
    'car puncture',
    'car puncture',
    'breakdown',
    1,
    1,
    '2022-12-17 20:30:53',
    '2022-12-17 20:30:53'
  );
REPLACE INTO map_ws_dev.sup_vehicle_trouble (
  id,
  latitude,
  longitude,
  altitude,
  speed,
  angle,
  fuel,
  trouble,
  description,
  status,
  vehicleId,
  driverId,
  createdAt,
  updatedAt
)
VALUES (
    31,
    21.021474,
    105.850632,
    123.0,
    123.0,
    90.0,
    102.0,
    'car puncture',
    'car puncture',
    'breakdown',
    1,
    1,
    '2022-12-17 20:31:10',
    '2022-12-17 20:31:10'
  ),
  (
    32,
    21.021474,
    105.850632,
    123.0,
    123.0,
    90.0,
    102.0,
    'car puncture',
    'car puncture',
    'breakdown',
    1,
    1,
    '2022-12-17 20:32:07',
    '2022-12-17 20:32:07'
  ),
  (
    33,
    21.021474,
    105.850632,
    123.0,
    123.0,
    90.0,
    102.0,
    'car puncture',
    'car puncture',
    'breakdown',
    1,
    1,
    '2022-12-17 20:33:18',
    '2022-12-17 20:33:18'
  ),
  (
    34,
    21.021474,
    105.850632,
    123.0,
    123.0,
    90.0,
    102.0,
    'car puncture',
    'car puncture',
    'breakdown',
    1,
    1,
    '2022-12-17 20:35:36',
    '2022-12-17 20:35:36'
  ),
  (
    35,
    21.021474,
    105.850632,
    123.0,
    123.0,
    90.0,
    102.0,
    'car puncture',
    'car puncture',
    'breakdown',
    1,
    1,
    '2022-12-17 20:35:47',
    '2022-12-17 20:35:47'
  ),
  (
    36,
    21.021474,
    105.850632,
    123.0,
    123.0,
    90.0,
    102.0,
    'car puncture',
    'car puncture',
    'breakdown',
    1,
    1,
    '2022-12-17 20:36:27',
    '2022-12-17 20:36:27'
  ),
  (
    37,
    21.021474,
    105.850632,
    123.0,
    123.0,
    90.0,
    102.0,
    'car puncture',
    'car puncture',
    'breakdown',
    1,
    1,
    '2022-12-17 20:37:14',
    '2022-12-17 20:37:14'
  ),
  (
    38,
    21.021474,
    105.850632,
    123.0,
    123.0,
    90.0,
    102.0,
    'car puncture',
    'car puncture',
    'breakdown',
    1,
    1,
    '2022-12-17 20:44:03',
    '2022-12-17 20:44:03'
  ),
  (
    39,
    21.021474,
    105.850632,
    123.0,
    123.0,
    90.0,
    102.0,
    'car puncture',
    'car puncture',
    'breakdown',
    1,
    1,
    '2022-12-17 20:44:21',
    '2022-12-17 20:44:21'
  ),
  (
    40,
    21.021474,
    105.850632,
    123.0,
    123.0,
    90.0,
    102.0,
    'car puncture',
    'car puncture',
    'breakdown',
    1,
    1,
    '2022-12-17 20:44:28',
    '2022-12-17 20:44:28'
  );
REPLACE INTO map_ws_dev.sup_vehicle_trouble (
  id,
  latitude,
  longitude,
  altitude,
  speed,
  angle,
  fuel,
  trouble,
  description,
  status,
  vehicleId,
  driverId,
  createdAt,
  updatedAt
)
VALUES (
    41,
    21.021474,
    105.850632,
    123.0,
    123.0,
    90.0,
    102.0,
    'car puncture',
    'car puncture',
    'breakdown',
    1,
    1,
    '2022-12-17 20:44:28',
    '2022-12-17 20:44:28'
  ),
  (
    42,
    21.021474,
    105.850632,
    123.0,
    123.0,
    90.0,
    102.0,
    'car puncture',
    'car puncture',
    'breakdown',
    1,
    1,
    '2022-12-17 20:44:28',
    '2022-12-17 20:44:28'
  ),
  (
    43,
    21.021474,
    105.850632,
    123.0,
    123.0,
    90.0,
    102.0,
    'car puncture',
    'car puncture',
    'breakdown',
    1,
    1,
    '2022-12-17 20:44:28',
    '2022-12-17 20:44:28'
  ),
  (
    44,
    21.021474,
    105.850632,
    123.0,
    123.0,
    90.0,
    102.0,
    'car puncture',
    'car puncture',
    'breakdown',
    1,
    1,
    '2022-12-17 20:44:28',
    '2022-12-17 20:44:28'
  ),
  (
    45,
    21.021474,
    105.850632,
    123.0,
    123.0,
    90.0,
    102.0,
    'car puncture',
    'car puncture',
    'breakdown',
    1,
    1,
    '2022-12-17 20:44:29',
    '2022-12-17 20:44:29'
  ),
  (
    46,
    21.021474,
    105.850632,
    123.0,
    123.0,
    90.0,
    102.0,
    'car puncture',
    'car puncture',
    'breakdown',
    1,
    1,
    '2022-12-17 20:44:29',
    '2022-12-17 20:44:29'
  ),
  (
    47,
    21.021474,
    105.850632,
    123.0,
    123.0,
    90.0,
    102.0,
    'car puncture',
    'car puncture',
    'breakdown',
    1,
    1,
    '2022-12-17 20:44:29',
    '2022-12-17 20:44:29'
  ),
  (
    48,
    21.021474,
    105.850632,
    123.0,
    123.0,
    90.0,
    102.0,
    'car puncture',
    'car puncture',
    'breakdown',
    1,
    1,
    '2022-12-17 20:44:29',
    '2022-12-17 20:44:29'
  ),
  (
    49,
    21.021474,
    105.850632,
    123.0,
    123.0,
    90.0,
    102.0,
    'car puncture',
    'car puncture',
    'breakdown',
    1,
    1,
    '2022-12-17 20:44:29',
    '2022-12-17 20:44:29'
  ),
  (
    50,
    21.021474,
    105.850632,
    123.0,
    123.0,
    90.0,
    102.0,
    'car puncture',
    'car puncture',
    'breakdown',
    1,
    1,
    '2022-12-17 20:44:29',
    '2022-12-17 20:44:29'
  );
REPLACE INTO map_ws_dev.sup_vehicle_trouble (
  id,
  latitude,
  longitude,
  altitude,
  speed,
  angle,
  fuel,
  trouble,
  description,
  status,
  vehicleId,
  driverId,
  createdAt,
  updatedAt
)
VALUES (
    51,
    21.021474,
    105.850632,
    123.0,
    123.0,
    90.0,
    102.0,
    'car puncture',
    'car puncture',
    'breakdown',
    1,
    1,
    '2022-12-17 20:44:30',
    '2022-12-17 20:44:30'
  );