INSERT INTO public.adm_bin (id,latitude,longitude,address,height,length,width,weight,"maxWeight",color,material,brand,code,image,description,status,camera1,camera2,camera3,"createdAt","updatedAt") VALUES
	 (4,21.235927,105.814744,NULL,122.0,135.0,78.0,194300.0,210000.0,'Xanh','Nhựa','X','4','bin_1693498769125.png',NULL,'half','http://ptitsure.tk:8888/cam1_4/index.m3u8','http://ptitsure.tk:8888/cam2_4/index.m3u8','http://ptitsure.tk:8888/cam1_4/index.m3u8','2023-08-13 01:36:07.47+07','2023-09-01 01:42:05.93+07'),
	 (8,21.231271,105.812022,NULL,122.0,135.0,78.0,128700.0,210000.0,'Xanh','Nhựa','X','8','bin_1693499532620.png',NULL,'half','http://ptitsure.tk:8888/cam1_8/index.m3u8','http://ptitsure.tk:8888/cam2_8/index.m3u8','http://ptitsure.tk:8888/cam1_8/index.m3u8','2023-08-13 01:36:07.47+07','2023-09-01 01:42:05.936+07'),
	 (9,21.236329,105.812871,NULL,122.0,135.0,78.0,387500.0,210000.0,'Xanh','Nhựa','X','9','bin_1693499540210.png',NULL,'full','http://ptitsure.tk:8888/cam1_9/index.m3u8','http://ptitsure.tk:8888/cam2_9/index.m3u8','http://ptitsure.tk:8888/cam1_9/index.m3u8','2023-08-13 01:36:07.47+07','2023-09-01 01:42:05.941+07'),
	 (10,21.232646,105.808275,NULL,122.0,135.0,78.0,64800.0,210000.0,'Xanh','Nhựa','X','10','bin_1693499547393.png',NULL,'half','http://ptitsure.tk:8888/cam1_10/index.m3u8','http://ptitsure.tk:8888/cam2_10/index.m3u8','http://ptitsure.tk:8888/cam1_10/index.m3u8','2023-08-13 01:36:07.47+07','2023-09-01 01:42:05.949+07'),
	 (1,21.23385,105.811164,NULL,122.0,135.0,78.0,154000.0,210000.0,'Xanh','Nhựa','X','1','bin_1693499489835.png',NULL,'half','http://ptitsure.tk:8888/cam1_1/index.m3u8','http://ptitsure.tk:8888/cam2_1/index.m3u8','http://ptitsure.tk:8888/cam1_1/index.m3u8','2023-08-13 01:36:07.47+07','2023-09-01 01:42:05.955+07'),
	 (3,21.231008,105.820339,NULL,122.0,135.0,78.0,258100.0,210000.0,'Xanh','Nhựa','X','3','bin_1693499509653.png',NULL,'full','http://ptitsure.tk:8888/cam1_3/index.m3u8','http://ptitsure.tk:8888/cam2_3/index.m3u8','http://ptitsure.tk:8888/cam1_3/index.m3u8','2023-08-13 01:36:07.47+07','2023-09-01 01:42:05.913+07'),
	 (2,21.228515,105.819616,NULL,122.0,135.0,78.0,68100.0,210000.0,'Xanh','Nhựa','X','2','bin_1693499500127.png',NULL,'half','http://ptitsure.tk:8888/cam1_2/index.m3u8','http://ptitsure.tk:8888/cam2_2/index.m3u8','http://ptitsure.tk:8888/cam1_2/index.m3u8','2023-08-13 01:36:07.47+07','2023-09-01 01:42:05.919+07'),
	 (6,21.228801,105.819658,NULL,122.0,135.0,78.0,67800.0,210000.0,'Xanh','Nhựa','X','6','bin_1693499523506.png',NULL,'half','http://ptitsure.tk:8888/cam1_6/index.m3u8','http://ptitsure.tk:8888/cam2_6/index.m3u8','http://ptitsure.tk:8888/cam1_6/index.m3u8','2023-08-13 01:36:07.47+07','2023-09-01 01:42:05.925+07');
INSERT INTO public.adm_company (id,name,email,phone,image,address,description,status,"createdAt","updatedAt") VALUES
	 (7,'Doanh nghiep 7','doanhnghiep7@gmail.com','7777777777','default_company.png','doanh nghiep 7',NULL,NULL,'2023-08-20 22:31:05.684+07','2023-08-20 22:31:37.634+07'),
	 (8,'Công Ty TNHH Asahi Denso Việt Nam','asahidenso@gmail.com','8888888888','default_company.png','Công Ty TNHH Asahi Denso Việt Nam',NULL,NULL,'2023-08-20 22:32:24.185+07','2023-08-20 22:32:24.185+07'),
	 (10,'Công Ty TNHH Honest Việt Nam','honest@gmail.com','0000000000','default_company.png','Công Ty TNHH Honest Việt Nam',NULL,NULL,'2023-08-20 22:33:19.514+07','2023-08-20 22:33:19.514+07'),
	 (5,'Doanh nghiep 5','doanhnghiep5@gmail.com','5555555555','default_company.png','Doanh nghiep 5',NULL,NULL,'2023-08-12 22:50:48.025+07','2023-08-20 22:34:43.229+07'),
	 (1,'Công ty TNHH Kyoei Việt Nam (Nhà máy 1)','kyoei1@gmail.com','1111111111','default_company.png','Công ty TNHH Kyoei Việt Nam (Nhà máy 1)',NULL,NULL,'2023-08-12 22:50:48.025+07','2023-08-20 22:36:04.624+07'),
	 (2,'Công Ty Cổ Phần Thép Đặc Biệt Pro-Vision','provision@gmail.com','2222222222','default_company.png','Công Ty Cổ Phần Thép Đặc Biệt Pro-Vision',NULL,NULL,'2023-08-12 22:50:48.025+07','2023-08-20 22:36:22.374+07'),
	 (3,'Công Ty TNHH Kishiro Việt Nam','kishiro@gmail.com','3333333333','default_company.png','Công Ty TNHH Kishiro Việt Nam',NULL,NULL,'2023-08-12 22:50:48.025+07','2023-08-20 23:00:32.005+07'),
	 (6,'Công Ty TNHH Hamagasu Việt Nam','hamagasu@gmail.com','6666666666','default_company.png','Công Ty TNHH Hamagasu Việt Nam',NULL,NULL,'2023-08-20 22:27:24.92+07','2023-08-20 23:01:06.741+07'),
	 (9,'Công Ty TNHH Tenma Việt Nam','tenma@gmail.com','9999999999','default_company.png','Công Ty TNHH Tenma Việt Nam',NULL,NULL,'2023-08-20 22:32:53.586+07','2023-08-23 21:48:44.023+07'),
	 (4,'Công ty Nội Bài','noibai@gmail.com','4444444444','default_company.png','Công ty Nội Bài',NULL,NULL,'2023-08-12 22:50:48.025+07','2023-08-25 01:17:04.088+07');
INSERT INTO public.adm_bin_company (id,"binId","companyId",description,status,"createdAt","updatedAt") VALUES
	 (1,1,1,NULL,NULL,'2023-08-13 01:36:07.479+07','2023-08-13 01:36:07.479+07'),
	 (2,2,2,NULL,NULL,'2023-08-13 01:36:07.479+07','2023-08-13 01:36:07.479+07'),
	 (3,3,3,NULL,NULL,'2023-08-13 01:36:07.479+07','2023-08-13 01:36:07.479+07'),
	 (4,4,4,NULL,NULL,'2023-08-13 01:36:07.479+07','2023-08-13 01:36:07.479+07'),
	 (6,6,6,NULL,NULL,'2023-08-13 01:36:07.479+07','2023-08-13 01:36:07.479+07'),
	 (8,8,8,NULL,NULL,'2023-08-13 01:36:07.479+07','2023-08-13 01:36:07.479+07'),
	 (9,9,9,NULL,NULL,'2023-08-13 01:36:07.479+07','2023-08-13 01:36:07.479+07'),
	 (10,10,10,NULL,NULL,'2023-08-13 01:36:07.479+07','2023-08-13 01:36:07.479+07'),
	 (5,NULL,5,NULL,NULL,'2023-08-13 01:36:07.479+07','2023-08-13 01:36:07.479+07'),
	 (7,NULL,7,NULL,NULL,'2023-08-13 01:36:07.479+07','2023-08-13 01:36:07.479+07');
INSERT INTO public.adm_user (id,phone,"password",email,"firstName","lastName",gender,dob,image,"role",description,status,"companyId","createdAt","updatedAt") VALUES
	 (1,'0123456789','$2b$10$xM5xgB1PBQPw826SJKPD4OkxzNgLohnGp1a1dOlGuq7dtiuohh0ai','hungdn@gmail.com','Hung','Dang Ngoc','male','01/01/1990','default_user.png','admin',NULL,'on',NULL,'2023-08-12 22:49:17.753+07','2023-08-12 22:49:17.753+07'),
	 (2,'0123456780','$2b$10$xM5xgB1PBQPw826SJKPD4OkxzNgLohnGp1a1dOlGuq7dtiuohh0ai','taixe1@gmail.com','1','Tai xe','male','01/01/1990','default_user.png','driver',NULL,'on',NULL,'2023-08-12 22:49:17.753+07','2023-08-12 22:49:17.753+07'),
	 (3,'0123456781','$2b$10$xM5xgB1PBQPw826SJKPD4OkxzNgLohnGp1a1dOlGuq7dtiuohh0ai','taixe2@gmail.com','2','Tai xe','male','01/01/1990','default_user.png','driver',NULL,'on',NULL,'2023-08-12 22:49:17.753+07','2023-08-12 22:49:17.753+07'),
	 (4,'0123456782','$2b$10$xM5xgB1PBQPw826SJKPD4OkxzNgLohnGp1a1dOlGuq7dtiuohh0ai','taixe3@gmail.com','3','Tai xe','male','01/01/1990','default_user.png','driver',NULL,'on',NULL,'2023-08-12 22:49:17.753+07','2023-08-12 22:49:17.753+07'),
	 (5,'0123456783','$2b$10$xM5xgB1PBQPw826SJKPD4OkxzNgLohnGp1a1dOlGuq7dtiuohh0ai','taixe4@gmail.com','4','Tai xe','male','01/01/1990','default_user.png','driver',NULL,'on',NULL,'2023-08-12 22:49:17.753+07','2023-08-12 22:49:17.753+07'),
	 (6,'0123456784','$2b$10$xM5xgB1PBQPw826SJKPD4OkxzNgLohnGp1a1dOlGuq7dtiuohh0ai','taixe5@gmail.com','5','Tai xe','male','01/01/1990','default_user.png','driver',NULL,'on',NULL,'2023-08-12 22:49:17.753+07','2023-08-12 22:49:17.753+07'),
	 (7,'0123456785','$2b$10$xM5xgB1PBQPw826SJKPD4OkxzNgLohnGp1a1dOlGuq7dtiuohh0ai','nhanvien1@gmail.com','1','Doanh nghiep','male','01/01/1990','default_user.png','company_staff',NULL,'on',1,'2023-08-12 22:49:17.753+07','2023-08-12 22:49:17.753+07'),
	 (8,'0123456786','$2b$10$xM5xgB1PBQPw826SJKPD4OkxzNgLohnGp1a1dOlGuq7dtiuohh0ai','nhanvien2@gmail.com','2','Doanh nghiep','male','01/01/1990','default_user.png','company_staff',NULL,'on',2,'2023-08-12 22:49:17.753+07','2023-08-12 22:49:17.753+07'),
	 (9,'0123456787','$2b$10$xM5xgB1PBQPw826SJKPD4OkxzNgLohnGp1a1dOlGuq7dtiuohh0ai','nhanvien3@gmail.com','3','Doanh nghiep','male','01/01/1990','default_user.png','company_staff',NULL,'on',3,'2023-08-12 22:49:17.753+07','2023-08-12 22:49:17.753+07'),
	 (10,'0123456788','$2b$10$xM5xgB1PBQPw826SJKPD4OkxzNgLohnGp1a1dOlGuq7dtiuohh0ai','nhanvien4@gmail.com','4','Doanh nghiep','male','01/01/1990','default_user.png','company_staff',NULL,'on',4,'2023-08-12 22:49:17.753+07','2023-08-12 22:49:17.753+07');
INSERT INTO public.adm_user (id,phone,"password",email,"firstName","lastName",gender,dob,image,"role",description,status,"companyId","createdAt","updatedAt") VALUES
	 (11,'0123456779','$2b$10$xM5xgB1PBQPw826SJKPD4OkxzNgLohnGp1a1dOlGuq7dtiuohh0ai','nhanvien5@gmail.com','5','Doanh nghiep','male','01/01/1990','default_user.png','company_staff',NULL,'on',5,'2023-08-12 22:49:17.753+07','2023-08-12 22:49:17.753+07');
INSERT INTO public.adm_vehicle (id,code,"engineHours","engineId","engineType",model,height,length,width,odometer,plate,tonnage,image,description,status,camera,"createdAt","updatedAt") VALUES
	 (1,'1','1082730','edaHFt4ZTu','Petrol','The Mammoth from New Way',2800.0,7270.0,2555.0,324393.0,'29C91767',12550.0,'vehicle_1693499933066.jpg',NULL,'on','http://203.162.10.118:8888/media/camera/a4ab715a-63a0-4d26-9c73-d23b2b4c04d5.jpg','2023-08-12 22:59:05.323+07','2023-09-01 01:42:25.98+07');
INSERT INTO public.log_bin_state (id,latitude,longitude,weight,description,status,"binId","createdAt","updatedAt") VALUES
	 (3497,NULL,NULL,0.0,NULL,'empty',1,'2023-09-01 00:55:58.353+07','2023-09-01 00:55:58.353+07'),
	 (3498,NULL,NULL,0.0,NULL,'empty',1,'2023-09-01 01:36:38.46+07','2023-09-01 01:36:38.46+07'),
	 (3499,NULL,NULL,0.0,NULL,'empty',1,'2023-09-01 01:37:35.264+07','2023-09-01 01:37:35.264+07'),
	 (3500,NULL,NULL,0.0,NULL,'empty',1,'2023-09-01 01:37:38.455+07','2023-09-01 01:37:38.455+07');
INSERT INTO public.sup_vehicle_position (id,latitude,longitude,"vehicleId","createdAt","updatedAt") VALUES
	 (1,21.2336,105.81103,1,'2023-08-12 22:59:05.349+07','2023-09-01 01:42:25.983+07');
INSERT INTO public.valid_vehicle (id,latitude,longitude,plate,model,status,"binId","createdAt","updatedAt") VALUES
	 (1,21.021474,105.850632,'30A-12893',NULL,'invalid',3,'2023-08-23 23:58:35.722+07','2023-08-23 23:58:35.722+07'),
	 (2,21.021474,105.850632,'30A-12893',NULL,'invalid',3,'2023-08-24 10:19:52.675+07','2023-08-24 10:19:52.675+07'),
	 (3,105.811371,21.234219,'61A60573',NULL,'invalid',1,'2023-08-24 10:43:45.602+07','2023-08-24 10:43:45.602+07');
INSERT INTO public.adm_task (id,"driverId","vehicleId","companyId",description,status,"createdAt","updatedAt") VALUES
	 (1,2,1,1,NULL,'on','2023-08-12 22:59:05.349+07','2023-08-12 22:59:05.349+07'),
	 (2,2,1,2,NULL,'on','2023-08-12 22:59:05.349+07','2023-08-12 22:59:05.349+07'),
	 (3,2,1,3,NULL,'on','2023-08-12 22:59:05.349+07','2023-08-12 22:59:05.349+07'),
	 (4,2,1,4,NULL,'on','2023-08-12 22:59:05.349+07','2023-08-12 22:59:05.349+07'),
	 (5,2,1,5,NULL,'on','2023-08-12 22:59:05.349+07','2023-08-12 22:59:05.349+07');