INSERT INTO public.adm_bin (id,latitude,longitude,address,height,length,width,weight,"maxWeight",color,material,brand,code,image,description,status,camera1,camera2,camera3,"createdAt","updatedAt") VALUES
	 (2,21.228549,105.819898,NULL,122.0,135.0,78.0,64100.0,210000.0,'Xanh','Nhựa','X','2','default_bin.png',NULL,'half','http://ptitsure.tk:8898/pi2_cam80/index.m3u8','http://ptitsure.tk:8898/pi2_cam81/index.m3u8','http://ptitsure.tk:8898/pi2_cam82/index.m3u8','2023-08-13 01:36:07.47+07','2023-08-25 01:56:50.9+07'),
	 (6,21.229033,105.82018,NULL,122.0,135.0,78.0,67300.0,210000.0,'Xanh','Nhựa','X','6','default_bin.png',NULL,'half','http://ptitsure.tk:8898/pi6_cam80/index.m3u8','http://ptitsure.tk:8898/pi6_cam81/index.m3u8','http://ptitsure.tk:8898/pi6_cam82/index.m3u8','2023-08-13 01:36:07.47+07','2023-08-25 01:56:50.928+07'),
	 (4,21.233656,105.816368,NULL,122.0,135.0,78.0,226300.0,210000.0,'Xanh','Nhựa','X','4','default_bin.png',NULL,'full','http://ptitsure.tk:8898/pi4_cam80/index.m3u8','http://ptitsure.tk:8898/pi4_cam81/index.m3u8','http://ptitsure.tk:8898/pi4_cam82/index.m3u8','2023-08-13 01:36:07.47+07','2023-08-25 01:56:50.96+07'),
	 (8,21.231383,105.812283,NULL,122.0,135.0,78.0,128700.0,210000.0,'Xanh','Nhựa','X','8','default_bin.png',NULL,'half','http://ptitsure.tk:8898/pi8_cam80/index.m3u8','http://ptitsure.tk:8898/pi8_cam81/index.m3u8','http://ptitsure.tk:8898/pi8_cam82/index.m3u8','2023-08-13 01:36:07.47+07','2023-08-25 01:56:50.993+07'),
	 (9,21.235909,105.811281,NULL,122.0,135.0,78.0,387500.0,210000.0,'Xanh','Nhựa','X','9','default_bin.png',NULL,'full','http://ptitsure.tk:8898/pi9_cam80/index.m3u8','http://ptitsure.tk:8898/pi9_cam81/index.m3u8','http://ptitsure.tk:8898/pi9_cam82/index.m3u8','2023-08-13 01:36:07.47+07','2023-08-25 01:56:51.026+07'),
	 (10,21.232842,105.808382,NULL,122.0,135.0,78.0,63900.0,210000.0,'Xanh','Nhựa','X','10','default_bin.png',NULL,'half','http://ptitsure.tk:8898/pi10_cam80/index.m3u8','http://ptitsure.tk:8898/pi10_cam81/index.m3u8','http://ptitsure.tk:8898/pi10_cam82/index.m3u8','2023-08-13 01:36:07.47+07','2023-08-25 01:56:51.058+07'),
	 (1,21.234219,105.811371,NULL,122.0,135.0,78.0,0.0,210000.0,'Xanh','Nhựa','X','1','default_bin.png',NULL,'empty','http://ptitsure.tk:8898/pi1_cam80/index.m3u8','http://ptitsure.tk:8898/pi1_cam81/index.m3u8','http://ptitsure.tk:8898/pi1_cam82/index.m3u8','2023-08-13 01:36:07.47+07','2023-08-25 01:56:51.085+07'),
	 (3,21.231058,105.82084,NULL,122.0,135.0,78.0,274100.0,210000.0,'Xanh','Nhựa','X','3','default_bin.png',NULL,'full','http://ptitsure.tk:8898/pi3_cam80/index.m3u8','http://ptitsure.tk:8898/pi3_cam81/index.m3u8','http://ptitsure.tk:8898/pi3_cam82/index.m3u8','2023-08-13 01:36:07.47+07','2023-08-25 01:56:51.114+07');
INSERT INTO public.adm_company (id,name,email,phone,image,address,description,status,"createdAt","updatedAt") VALUES
	 (7,'Doanh nghiep 7','doanhnghiep7@gmail.com','7777777777','default_company.png','doanh nghiep 7',NULL,NULL,'2023-08-20 22:31:05.684+07','2023-08-20 22:31:37.634+07'),
	 (8,'Công Ty TNHH Asahi Denso Việt Nam','asahidenso@gmail.com','8888888888','default_company.png','Công Ty TNHH Asahi Denso Việt Nam',NULL,NULL,'2023-08-20 22:32:24.185+07','2023-08-20 22:32:24.185+07'),
	 (10,'Công Ty TNHH Honest Việt Nam','honest@gmail.com','0000000000','default_company.png','Công Ty TNHH Honest Việt Nam',NULL,NULL,'2023-08-20 22:33:19.514+07','2023-08-20 22:33:19.514+07'),
	 (5,'Doanh nghiep 5','doanhnghiep5@gmail.com','5555555555','default_company.png','Doanh nghiep 5',NULL,NULL,'2023-08-12 22:50:48.025+07','2023-08-20 22:34:43.229+07'),
	 (1,'Công ty TNHH Kyoei Việt Nam (Nhà máy 1)','kyoei1@gmail.com','1111111111','default_company.png','Công ty TNHH Kyoei Việt Nam (Nhà máy 1)',NULL,NULL,'2023-08-12 22:50:48.025+07','2023-08-20 22:36:04.624+07'),
	 (2,'Công Ty Cổ Phần Thép Đặc Biệt Pro-Vision','provision@gmail.com','2222222222','default_company.png','Công Ty Cổ Phần Thép Đặc Biệt Pro-Vision',NULL,NULL,'2023-08-12 22:50:48.025+07','2023-08-20 22:36:22.374+07'),
	 (3,'Công Ty TNHH Kishiro Việt Nam','kishiro@gmail.com','3333333333','default_company.png','Công Ty TNHH Kishiro Việt Nam',NULL,NULL,'2023-08-12 22:50:48.025+07','2023-08-20 23:00:32.005+07'),
	 (6,'Công Ty TNHH Hamagasu Việt Nam','hamagasu@gmail.com','6666666666','default_company.png','Công Ty TNHH Hamagasu Việt Nam',NULL,NULL,'2023-08-20 22:27:24.92+07','2023-08-20 23:01:06.741+07'),
	 (9,'Công Ty TNHH Tenma Việt Nam','tenma@gmail.com','9999999999','default_company.png','Công Ty TNHH Tenma Việt Nam',NULL,NULL,'2023-08-20 22:32:53.586+07','2023-08-23 21:48:44.023+07'),
	 (4,'Công ty Nội Bài','noibai@gmail.com','4444444444','default_company.png','Công ty Nội Bài',NULL,NULL,'2023-08-12 22:50:48.025+07','2023-08-25 01:17:04.088+07');
INSERT INTO public.adm_bin_company (id,"binId","companyId",description,status,"createdAt","updatedAt") VALUES
	 (1,1,1,NULL,NULL,'2023-08-13 01:36:07.479+07','2023-08-13 01:36:07.479+07'),
	 (2,2,2,NULL,NULL,'2023-08-13 01:36:07.479+07','2023-08-13 01:36:07.479+07'),
	 (3,3,3,NULL,NULL,'2023-08-13 01:36:07.479+07','2023-08-13 01:36:07.479+07'),
	 (4,4,4,NULL,NULL,'2023-08-13 01:36:07.479+07','2023-08-13 01:36:07.479+07'),
	 (6,6,6,NULL,NULL,'2023-08-13 01:36:07.479+07','2023-08-13 01:36:07.479+07'),
	 (8,8,8,NULL,NULL,'2023-08-13 01:36:07.479+07','2023-08-13 01:36:07.479+07'),
	 (9,9,9,NULL,NULL,'2023-08-13 01:36:07.479+07','2023-08-13 01:36:07.479+07'),
	 (10,10,10,NULL,NULL,'2023-08-13 01:36:07.479+07','2023-08-13 01:36:07.479+07'),
	 (5,NULL,5,NULL,NULL,'2023-08-13 01:36:07.479+07','2023-08-13 01:36:07.479+07'),
	 (7,NULL,7,NULL,NULL,'2023-08-13 01:36:07.479+07','2023-08-13 01:36:07.479+07');
INSERT INTO public.adm_user (id,phone,"password",email,"firstName","lastName",gender,dob,image,"role",description,status,"companyId","createdAt","updatedAt") VALUES
	 (1,'0123456789','$2b$10$xM5xgB1PBQPw826SJKPD4OkxzNgLohnGp1a1dOlGuq7dtiuohh0ai','hungdn@gmail.com','Hung','Dang Ngoc','male','01/01/1990','default_user.png','admin',NULL,'on',NULL,'2023-08-12 22:49:17.753+07','2023-08-12 22:49:17.753+07'),
	 (2,'0123456780','$2b$10$xM5xgB1PBQPw826SJKPD4OkxzNgLohnGp1a1dOlGuq7dtiuohh0ai','taixe1@gmail.com','1','Tai xe','male','01/01/1990','default_user.png','driver',NULL,'on',NULL,'2023-08-12 22:49:17.753+07','2023-08-12 22:49:17.753+07'),
	 (3,'0123456781','$2b$10$xM5xgB1PBQPw826SJKPD4OkxzNgLohnGp1a1dOlGuq7dtiuohh0ai','taixe2@gmail.com','2','Tai xe','male','01/01/1990','default_user.png','driver',NULL,'on',NULL,'2023-08-12 22:49:17.753+07','2023-08-12 22:49:17.753+07'),
	 (4,'0123456782','$2b$10$xM5xgB1PBQPw826SJKPD4OkxzNgLohnGp1a1dOlGuq7dtiuohh0ai','taixe3@gmail.com','3','Tai xe','male','01/01/1990','default_user.png','driver',NULL,'on',NULL,'2023-08-12 22:49:17.753+07','2023-08-12 22:49:17.753+07'),
	 (5,'0123456783','$2b$10$xM5xgB1PBQPw826SJKPD4OkxzNgLohnGp1a1dOlGuq7dtiuohh0ai','taixe4@gmail.com','4','Tai xe','male','01/01/1990','default_user.png','driver',NULL,'on',NULL,'2023-08-12 22:49:17.753+07','2023-08-12 22:49:17.753+07'),
	 (6,'0123456784','$2b$10$xM5xgB1PBQPw826SJKPD4OkxzNgLohnGp1a1dOlGuq7dtiuohh0ai','taixe5@gmail.com','5','Tai xe','male','01/01/1990','default_user.png','driver',NULL,'on',NULL,'2023-08-12 22:49:17.753+07','2023-08-12 22:49:17.753+07'),
	 (7,'0123456785','$2b$10$xM5xgB1PBQPw826SJKPD4OkxzNgLohnGp1a1dOlGuq7dtiuohh0ai','nhanvien1@gmail.com','1','Doanh nghiep','male','01/01/1990','default_user.png','company_staff',NULL,'on',1,'2023-08-12 22:49:17.753+07','2023-08-12 22:49:17.753+07'),
	 (8,'0123456786','$2b$10$xM5xgB1PBQPw826SJKPD4OkxzNgLohnGp1a1dOlGuq7dtiuohh0ai','nhanvien2@gmail.com','2','Doanh nghiep','male','01/01/1990','default_user.png','company_staff',NULL,'on',2,'2023-08-12 22:49:17.753+07','2023-08-12 22:49:17.753+07'),
	 (9,'0123456787','$2b$10$xM5xgB1PBQPw826SJKPD4OkxzNgLohnGp1a1dOlGuq7dtiuohh0ai','nhanvien3@gmail.com','3','Doanh nghiep','male','01/01/1990','default_user.png','company_staff',NULL,'on',3,'2023-08-12 22:49:17.753+07','2023-08-12 22:49:17.753+07'),
	 (10,'0123456788','$2b$10$xM5xgB1PBQPw826SJKPD4OkxzNgLohnGp1a1dOlGuq7dtiuohh0ai','nhanvien4@gmail.com','4','Doanh nghiep','male','01/01/1990','default_user.png','company_staff',NULL,'on',4,'2023-08-12 22:49:17.753+07','2023-08-12 22:49:17.753+07');
INSERT INTO public.adm_user (id,phone,"password",email,"firstName","lastName",gender,dob,image,"role",description,status,"companyId","createdAt","updatedAt") VALUES
	 (11,'0123456779','$2b$10$xM5xgB1PBQPw826SJKPD4OkxzNgLohnGp1a1dOlGuq7dtiuohh0ai','nhanvien5@gmail.com','5','Doanh nghiep','male','01/01/1990','default_user.png','company_staff',NULL,'on',5,'2023-08-12 22:49:17.753+07','2023-08-12 22:49:17.753+07');
INSERT INTO public.adm_vehicle (id,code,"engineHours","engineId","engineType",model,height,length,width,odometer,plate,tonnage,image,description,status,camera,"createdAt","updatedAt") VALUES
	 (1,'1','1082730','edaHFt4ZTu','Petrol','The Mammoth from New Way',2800.0,7270.0,2555.0,324393.0,'30E-96169',12550.0,'vehicle_1671289194156.jpg',NULL,'on','http://203.162.10.118:8888/media/camera/6f84d22a-86a3-4d95-973d-2d58a54c7ab2.jpg','2023-08-12 22:59:05.323+07','2023-08-25 02:01:03.275+07');
INSERT INTO public.sup_vehicle_position (id,latitude,longitude,"vehicleId","createdAt","updatedAt") VALUES
	 (1,21.0108942,105.8252934,1,'2023-08-12 22:59:05.349+07','2023-08-25 02:01:03.277+07');
INSERT INTO public.valid_vehicle (id,latitude,longitude,plate,model,status,"binId","createdAt","updatedAt") VALUES
	 (1,21.021474,105.850632,'30A-12893',NULL,'invalid',3,'2023-08-23 23:58:35.722+07','2023-08-23 23:58:35.722+07'),
	 (2,21.021474,105.850632,'30A-12893',NULL,'invalid',3,'2023-08-24 10:19:52.675+07','2023-08-24 10:19:52.675+07'),
	 (3,105.811371,21.234219,'61A60573',NULL,'invalid',1,'2023-08-24 10:43:45.602+07','2023-08-24 10:43:45.602+07');
INSERT INTO public.adm_task (id,"driverId","vehicleId","companyId",description,status,"createdAt","updatedAt") VALUES
	 (1,2,1,1,NULL,'on','2023-08-12 22:59:05.349+07','2023-08-12 22:59:05.349+07'),
	 (2,2,1,2,NULL,'on','2023-08-12 22:59:05.349+07','2023-08-12 22:59:05.349+07'),
	 (3,2,1,3,NULL,'on','2023-08-12 22:59:05.349+07','2023-08-12 22:59:05.349+07'),
	 (4,2,1,4,NULL,'on','2023-08-12 22:59:05.349+07','2023-08-12 22:59:05.349+07'),
	 (5,2,1,5,NULL,'on','2023-08-12 22:59:05.349+07','2023-08-12 22:59:05.349+07');
INSERT INTO public.log_bin_state (id,latitude,longitude,weight,description,status,"binId","createdAt","updatedAt") VALUES
	 (1,NULL,NULL,204000.0,NULL,NULL,1,'2023-08-13 01:40:38.085+07','2023-08-13 01:40:38.085+07'),
	 (2,NULL,NULL,204000.0,NULL,NULL,1,'2023-08-13 01:41:14.617+07','2023-08-13 01:41:14.617+07'),
	 (3,NULL,NULL,204000.0,NULL,NULL,1,'2023-08-13 01:41:27.826+07','2023-08-13 01:41:27.826+07'),
	 (4,NULL,NULL,204000.0,NULL,NULL,1,'2023-08-13 01:41:37.739+07','2023-08-13 01:41:37.739+07'),
	 (5,NULL,NULL,204000.0,NULL,NULL,1,'2023-08-13 01:42:14.6+07','2023-08-13 01:42:14.6+07'),
	 (6,NULL,NULL,204000.0,NULL,NULL,1,'2023-08-13 01:42:27.86+07','2023-08-13 01:42:27.86+07'),
	 (7,NULL,NULL,204000.0,NULL,NULL,1,'2023-08-13 01:42:37.744+07','2023-08-13 01:42:37.744+07'),
	 (8,NULL,NULL,204000.0,NULL,NULL,1,'2023-08-13 01:42:57.631+07','2023-08-13 01:42:57.631+07'),
	 (9,NULL,NULL,204000.0,NULL,NULL,1,'2023-08-13 01:43:14.618+07','2023-08-13 01:43:14.618+07'),
	 (10,NULL,NULL,204000.0,NULL,NULL,1,'2023-08-13 01:43:27.825+07','2023-08-13 01:43:27.825+07');
INSERT INTO public.log_bin_state (id,latitude,longitude,weight,description,status,"binId","createdAt","updatedAt") VALUES
	 (11,NULL,NULL,204000.0,NULL,NULL,1,'2023-08-13 01:43:37.759+07','2023-08-13 01:43:37.759+07'),
	 (12,NULL,NULL,204000.0,NULL,NULL,1,'2023-08-13 01:43:57.649+07','2023-08-13 01:43:57.649+07'),
	 (13,NULL,NULL,204000.0,NULL,NULL,1,'2023-08-13 01:44:14.616+07','2023-08-13 01:44:14.616+07'),
	 (14,NULL,NULL,204000.0,NULL,NULL,1,'2023-08-13 01:44:27.843+07','2023-08-13 01:44:27.843+07'),
	 (15,NULL,NULL,204000.0,NULL,NULL,1,'2023-08-13 01:44:37.754+07','2023-08-13 01:44:37.754+07'),
	 (16,NULL,NULL,204000.0,NULL,NULL,1,'2023-08-13 01:44:57.659+07','2023-08-13 01:44:57.659+07'),
	 (17,NULL,NULL,204000.0,NULL,NULL,1,'2023-08-13 01:45:14.66+07','2023-08-13 01:45:14.66+07'),
	 (18,NULL,NULL,204000.0,NULL,NULL,1,'2023-08-13 01:45:27.831+07','2023-08-13 01:45:27.831+07'),
	 (19,NULL,NULL,204000.0,NULL,NULL,1,'2023-08-13 01:45:37.96+07','2023-08-13 01:45:37.96+07'),
	 (20,NULL,NULL,204000.0,NULL,NULL,1,'2023-08-13 01:45:57.654+07','2023-08-13 01:45:57.654+07');
INSERT INTO public.log_bin_state (id,latitude,longitude,weight,description,status,"binId","createdAt","updatedAt") VALUES
	 (21,NULL,NULL,204000.0,NULL,NULL,1,'2023-08-13 01:46:14.627+07','2023-08-13 01:46:14.627+07'),
	 (22,NULL,NULL,204000.0,NULL,NULL,1,'2023-08-13 01:46:27.834+07','2023-08-13 01:46:27.834+07'),
	 (23,NULL,NULL,204000.0,NULL,NULL,1,'2023-08-13 01:46:37.752+07','2023-08-13 01:46:37.752+07'),
	 (24,NULL,NULL,204000.0,NULL,NULL,1,'2023-08-13 01:46:57.678+07','2023-08-13 01:46:57.678+07'),
	 (25,NULL,NULL,204000.0,NULL,NULL,1,'2023-08-13 01:47:14.621+07','2023-08-13 01:47:14.621+07'),
	 (26,NULL,NULL,204000.0,NULL,NULL,1,'2023-08-13 01:47:27.826+07','2023-08-13 01:47:27.826+07'),
	 (27,NULL,NULL,204000.0,NULL,NULL,1,'2023-08-13 01:47:37.783+07','2023-08-13 01:47:37.783+07'),
	 (28,NULL,NULL,204000.0,NULL,NULL,1,'2023-08-13 01:47:57.641+07','2023-08-13 01:47:57.641+07'),
	 (29,NULL,NULL,204000.0,NULL,NULL,1,'2023-08-13 01:48:14.645+07','2023-08-13 01:48:14.645+07'),
	 (30,NULL,NULL,204000.0,NULL,NULL,1,'2023-08-13 01:48:27.823+07','2023-08-13 01:48:27.823+07');
INSERT INTO public.log_bin_state (id,latitude,longitude,weight,description,status,"binId","createdAt","updatedAt") VALUES
	 (31,NULL,NULL,204000.0,NULL,NULL,1,'2023-08-13 01:48:37.769+07','2023-08-13 01:48:37.769+07'),
	 (32,NULL,NULL,204000.0,NULL,NULL,1,'2023-08-13 01:48:57.662+07','2023-08-13 01:48:57.662+07'),
	 (33,NULL,NULL,204000.0,NULL,NULL,1,'2023-08-13 01:49:14.659+07','2023-08-13 01:49:14.659+07'),
	 (34,NULL,NULL,204000.0,NULL,NULL,1,'2023-08-13 01:49:27.824+07','2023-08-13 01:49:27.824+07'),
	 (35,NULL,NULL,204000.0,NULL,NULL,1,'2023-08-13 01:49:37.775+07','2023-08-13 01:49:37.775+07'),
	 (36,NULL,NULL,204000.0,NULL,NULL,1,'2023-08-13 01:49:57.671+07','2023-08-13 01:49:57.671+07'),
	 (37,NULL,NULL,204000.0,NULL,NULL,1,'2023-08-13 01:50:14.631+07','2023-08-13 01:50:14.631+07'),
	 (38,NULL,NULL,204000.0,NULL,NULL,1,'2023-08-13 01:50:27.824+07','2023-08-13 01:50:27.824+07'),
	 (39,NULL,NULL,204000.0,NULL,NULL,1,'2023-08-13 01:50:37.753+07','2023-08-13 01:50:37.753+07'),
	 (40,NULL,NULL,204000.0,NULL,NULL,1,'2023-08-13 01:50:45.423+07','2023-08-13 01:50:45.423+07');
INSERT INTO public.log_bin_state (id,latitude,longitude,weight,description,status,"binId","createdAt","updatedAt") VALUES
	 (41,NULL,NULL,204000.0,NULL,NULL,1,'2023-08-13 01:50:57.645+07','2023-08-13 01:50:57.645+07'),
	 (42,NULL,NULL,204000.0,NULL,NULL,1,'2023-08-13 01:51:14.655+07','2023-08-13 01:51:14.655+07'),
	 (43,NULL,NULL,204000.0,NULL,NULL,1,'2023-08-13 01:51:27.81+07','2023-08-13 01:51:27.81+07'),
	 (44,NULL,NULL,204000.0,NULL,NULL,1,'2023-08-13 01:51:37.759+07','2023-08-13 01:51:37.759+07'),
	 (45,NULL,NULL,204000.0,NULL,NULL,1,'2023-08-13 01:51:45.404+07','2023-08-13 01:51:45.404+07'),
	 (46,NULL,NULL,204000.0,NULL,NULL,1,'2023-08-13 01:51:54.857+07','2023-08-13 01:51:54.857+07'),
	 (47,NULL,NULL,204000.0,NULL,NULL,1,'2023-08-13 01:51:57.65+07','2023-08-13 01:51:57.65+07'),
	 (48,NULL,NULL,204000.0,NULL,NULL,1,'2023-08-13 01:52:14.624+07','2023-08-13 01:52:14.624+07'),
	 (49,NULL,NULL,204000.0,NULL,NULL,1,'2023-08-13 01:52:27.852+07','2023-08-13 01:52:27.852+07'),
	 (50,NULL,NULL,204000.0,NULL,NULL,1,'2023-08-13 01:52:37.578+07','2023-08-13 01:52:37.578+07');
INSERT INTO public.log_bin_state (id,latitude,longitude,weight,description,status,"binId","createdAt","updatedAt") VALUES
	 (51,NULL,NULL,204000.0,NULL,NULL,1,'2023-08-13 01:52:37.742+07','2023-08-13 01:52:37.742+07'),
	 (52,NULL,NULL,204000.0,NULL,NULL,1,'2023-08-13 01:52:45.401+07','2023-08-13 01:52:45.401+07'),
	 (53,NULL,NULL,204000.0,NULL,NULL,1,'2023-08-13 01:52:54.839+07','2023-08-13 01:52:54.839+07'),
	 (54,NULL,NULL,204000.0,NULL,NULL,1,'2023-08-13 01:52:57.653+07','2023-08-13 01:52:57.653+07'),
	 (55,NULL,NULL,204000.0,NULL,NULL,1,'2023-08-13 01:53:14.597+07','2023-08-13 01:53:14.597+07'),
	 (56,NULL,NULL,204000.0,NULL,NULL,1,'2023-08-13 01:53:27.814+07','2023-08-13 01:53:27.814+07'),
	 (57,NULL,NULL,204000.0,NULL,NULL,1,'2023-08-13 01:53:37.558+07','2023-08-13 01:53:37.558+07'),
	 (58,NULL,NULL,204000.0,NULL,NULL,1,'2023-08-13 01:53:37.743+07','2023-08-13 01:53:37.743+07'),
	 (59,NULL,NULL,204000.0,NULL,NULL,1,'2023-08-13 01:53:45.411+07','2023-08-13 01:53:45.411+07'),
	 (60,NULL,NULL,204000.0,NULL,NULL,1,'2023-08-13 01:53:53.056+07','2023-08-13 01:53:53.056+07');
INSERT INTO public.log_bin_state (id,latitude,longitude,weight,description,status,"binId","createdAt","updatedAt") VALUES
	 (61,NULL,NULL,204000.0,NULL,NULL,1,'2023-08-13 01:53:54.866+07','2023-08-13 01:53:54.866+07'),
	 (62,NULL,NULL,204000.0,NULL,NULL,1,'2023-08-13 01:53:57.64+07','2023-08-13 01:53:57.64+07'),
	 (63,NULL,NULL,204000.0,NULL,NULL,1,'2023-08-13 01:54:12.208+07','2023-08-13 01:54:12.208+07'),
	 (64,NULL,NULL,204000.0,NULL,NULL,1,'2023-08-13 01:54:14.608+07','2023-08-13 01:54:14.608+07'),
	 (65,NULL,NULL,204000.0,NULL,NULL,1,'2023-08-13 01:54:27.83+07','2023-08-13 01:54:27.83+07'),
	 (66,NULL,NULL,204000.0,NULL,NULL,1,'2023-08-13 01:54:37.584+07','2023-08-13 01:54:37.584+07'),
	 (67,NULL,NULL,204000.0,NULL,NULL,1,'2023-08-13 01:54:37.761+07','2023-08-13 01:54:37.761+07'),
	 (68,NULL,NULL,204000.0,NULL,NULL,1,'2023-08-13 01:54:45.395+07','2023-08-13 01:54:45.395+07'),
	 (69,NULL,NULL,204000.0,NULL,NULL,1,'2023-08-13 01:54:53.058+07','2023-08-13 01:54:53.058+07'),
	 (70,NULL,NULL,204000.0,NULL,NULL,1,'2023-08-13 01:54:54.85+07','2023-08-13 01:54:54.85+07');
INSERT INTO public.log_bin_state (id,latitude,longitude,weight,description,status,"binId","createdAt","updatedAt") VALUES
	 (71,NULL,NULL,204000.0,NULL,NULL,1,'2023-08-13 01:54:57.673+07','2023-08-13 01:54:57.673+07'),
	 (72,NULL,NULL,204000.0,NULL,NULL,1,'2023-08-13 01:55:12.19+07','2023-08-13 01:55:12.19+07'),
	 (73,NULL,NULL,204000.0,NULL,NULL,1,'2023-08-13 01:55:14.635+07','2023-08-13 01:55:14.635+07'),
	 (74,NULL,NULL,204000.0,NULL,NULL,1,'2023-08-13 01:57:57.991+07','2023-08-13 01:57:57.991+07'),
	 (75,NULL,NULL,204000.0,NULL,NULL,1,'2023-08-13 01:58:47.335+07','2023-08-13 01:58:47.335+07'),
	 (76,NULL,NULL,204000.0,NULL,NULL,1,'2023-08-13 01:58:57.978+07','2023-08-13 01:58:57.978+07'),
	 (77,NULL,NULL,204000.0,NULL,NULL,1,'2023-08-13 01:59:28.074+07','2023-08-13 01:59:28.074+07'),
	 (78,NULL,NULL,204000.0,NULL,NULL,1,'2023-08-13 01:59:47.338+07','2023-08-13 01:59:47.338+07'),
	 (79,NULL,NULL,204000.0,NULL,NULL,1,'2023-08-13 01:59:57.963+07','2023-08-13 01:59:57.963+07'),
	 (80,NULL,NULL,204000.0,NULL,NULL,1,'2023-08-13 02:00:28.044+07','2023-08-13 02:00:28.044+07');
INSERT INTO public.log_bin_state (id,latitude,longitude,weight,description,status,"binId","createdAt","updatedAt") VALUES
	 (81,NULL,NULL,204000.0,NULL,NULL,1,'2023-08-13 02:00:47.346+07','2023-08-13 02:00:47.346+07'),
	 (82,NULL,NULL,204000.0,NULL,NULL,1,'2023-08-13 02:00:57.622+07','2023-08-13 02:00:57.622+07'),
	 (83,NULL,NULL,204000.0,NULL,NULL,1,'2023-08-13 02:00:57.958+07','2023-08-13 02:00:57.958+07'),
	 (84,NULL,NULL,204000.0,NULL,NULL,1,'2023-08-13 02:01:28.09+07','2023-08-13 02:01:28.09+07'),
	 (85,NULL,NULL,204000.0,NULL,NULL,1,'2023-08-13 02:01:47.355+07','2023-08-13 02:01:47.355+07'),
	 (86,NULL,NULL,204000.0,NULL,NULL,1,'2023-08-13 02:01:57.621+07','2023-08-13 02:01:57.621+07'),
	 (87,NULL,NULL,204000.0,NULL,NULL,1,'2023-08-13 02:01:57.945+07','2023-08-13 02:01:57.945+07'),
	 (88,NULL,NULL,204000.0,NULL,NULL,1,'2023-08-13 02:02:28.108+07','2023-08-13 02:02:28.108+07'),
	 (89,NULL,NULL,204000.0,NULL,NULL,1,'2023-08-13 02:02:47.356+07','2023-08-13 02:02:47.356+07'),
	 (90,NULL,NULL,204000.0,NULL,NULL,1,'2023-08-13 02:02:57.63+07','2023-08-13 02:02:57.63+07');
INSERT INTO public.log_bin_state (id,latitude,longitude,weight,description,status,"binId","createdAt","updatedAt") VALUES
	 (91,NULL,NULL,204000.0,NULL,NULL,1,'2023-08-13 02:02:57.958+07','2023-08-13 02:02:57.958+07'),
	 (92,NULL,NULL,204000.0,NULL,NULL,1,'2023-08-13 02:03:28.113+07','2023-08-13 02:03:28.113+07'),
	 (93,NULL,NULL,204000.0,NULL,NULL,1,'2023-08-13 02:03:47.334+07','2023-08-13 02:03:47.334+07'),
	 (94,NULL,NULL,204000.0,NULL,NULL,1,'2023-08-13 02:03:57.603+07','2023-08-13 02:03:57.603+07'),
	 (95,NULL,NULL,204000.0,NULL,NULL,1,'2023-08-13 02:03:57.962+07','2023-08-13 02:03:57.962+07'),
	 (96,NULL,NULL,204000.0,NULL,NULL,1,'2023-08-13 02:04:28.143+07','2023-08-13 02:04:28.143+07'),
	 (97,NULL,NULL,204000.0,NULL,NULL,1,'2023-08-13 02:04:34.441+07','2023-08-13 02:04:34.441+07'),
	 (98,NULL,NULL,204000.0,NULL,NULL,1,'2023-08-13 02:04:47.387+07','2023-08-13 02:04:47.387+07'),
	 (99,NULL,NULL,204000.0,NULL,NULL,1,'2023-08-13 02:04:57.608+07','2023-08-13 02:04:57.608+07'),
	 (100,NULL,NULL,204000.0,NULL,NULL,1,'2023-08-13 02:04:57.946+07','2023-08-13 02:04:57.946+07');
INSERT INTO public.log_bin_state (id,latitude,longitude,weight,description,status,"binId","createdAt","updatedAt") VALUES
	 (101,NULL,NULL,204000.0,NULL,NULL,1,'2023-08-13 02:05:28.084+07','2023-08-13 02:05:28.084+07'),
	 (102,NULL,NULL,204000.0,NULL,NULL,1,'2023-08-13 02:05:34.449+07','2023-08-13 02:05:34.449+07'),
	 (103,NULL,NULL,204000.0,NULL,NULL,1,'2023-08-13 02:05:47.379+07','2023-08-13 02:05:47.379+07'),
	 (104,NULL,NULL,204000.0,NULL,NULL,1,'2023-08-13 02:05:57.616+07','2023-08-13 02:05:57.616+07'),
	 (105,NULL,NULL,204000.0,NULL,NULL,1,'2023-08-13 02:05:57.971+07','2023-08-13 02:05:57.971+07'),
	 (106,NULL,NULL,204000.0,NULL,NULL,1,'2023-08-13 02:06:20.262+07','2023-08-13 02:06:20.262+07'),
	 (107,NULL,NULL,204000.0,NULL,NULL,1,'2023-08-13 02:06:28.114+07','2023-08-13 02:06:28.114+07'),
	 (108,NULL,NULL,204000.0,NULL,NULL,1,'2023-08-13 02:06:34.416+07','2023-08-13 02:06:34.416+07'),
	 (109,NULL,NULL,204000.0,NULL,NULL,1,'2023-08-13 02:06:47.355+07','2023-08-13 02:06:47.355+07'),
	 (110,NULL,NULL,204000.0,NULL,NULL,1,'2023-08-13 02:06:57.601+07','2023-08-13 02:06:57.601+07');
